Order_ID,Order_Date,City,Region,Category,Sub_Category,Department,Customer_Type,Order_Priority,Quantity,Unit_Price,Discount_%,Gross_Sales,Revenue,Expenses,Profit,Profit_Margin_%,Expense_Ratio_%,Sales_Target,Target_Achievement_%,Return_Qty,Return_Rate_%
ORD-00001,9/15/2024,Phoenix,West,Accessories,Bags,Corporate,Returning,Standard,4,300,0.03,1200,1164,601.82,562.18,0.483,0.517,875.82,1.7321,1,0.25
ORD-00002,4/27/2024,Los Angeles,West,Technology,Kitchen,Retail,Returning,Standard,5,25,0.15,125,106.25,71.94,34.31,0.3229,0.6771,62.73,0.1124,0,0
ORD-00003,12/8/2025,New York,Northeast,Technology,Chairs,Retail,Returning,Standard,4,200,0.08,800,736,548.02,187.98,0.2554,0.7446,587.32,0.6815,0,0
ORD-00004,9/7/2024,Los Angeles,West,Office Supplies,Bags,Corporate,Returning,Standard,5,150,0,750,750,431.08,318.92,0.4252,0.5748,907.2,1.0302,0,0
ORD-00005,9/13/2025,Los Angeles,West,Office Supplies,Laptops,Corporate,Returning,Express,5,40,0,200,200,105.1,94.9,0.4745,0.5255,205.24,0.2747,1,0.2
ORD-00006,11/11/2025,Miami,South,Appliances,Kitchen,Retail,New,Standard,5,750,0.1,3750,3375,2508.73,866.27,0.2567,0.7433,2278.78,3.5156,1,0.2
ORD-00007,5/10/2024,Houston,South,Furniture,Bags,Consumer,Returning,Standard,2,500,0.05,1000,950,590.03,359.97,0.3789,0.6211,1031.5,1.2056,0,0
ORD-00008,3/10/2024,Miami,South,Appliances,Phones,Consumer,New,Standard,6,60,0.05,360,342,226.89,115.11,0.3366,0.6634,371.62,0.4275,1,0.1667
ORD-00009,8/17/2024,New York,Northeast,Office Supplies,Laptops,Enterprise,New,Standard,3,60,0.1,180,162,107.92,54.08,0.3338,0.6662,172.58,0.2225,0,0
ORD-00010,8/13/2025,Phoenix,West,Office Supplies,Phones,Enterprise,Returning,Express,4,100,0.15,400,340,235.85,104.15,0.3063,0.6937,364.87,0.467,0,0
ORD-00011,7/10/2025,Los Angeles,West,Accessories,Laptops,Retail,Returning,Standard,5,750,0,3750,3750,2617.46,1132.54,0.302,0.698,1731.16,5.5804,0,0
ORD-00012,5/9/2025,Miami,South,Office Supplies,Kitchen,Consumer,New,Standard,1,25,0.08,25,23,15.33,7.67,0.3335,0.6665,25.04,0.0337,0,0
ORD-00013,9/11/2025,Houston,South,Office Supplies,Phones,Retail,Returning,Standard,3,100,0.03,300,291,145.89,145.11,0.4987,0.5013,351.55,0.3997,0,0
ORD-00014,10/3/2025,Houston,South,Office Supplies,Kitchen,Consumer,Returning,Standard,8,25,0,200,200,139.48,60.52,0.3026,0.6974,213.36,0.2564,0,0
ORD-00015,3/19/2024,Chicago,Midwest,Office Supplies,Laptops,Retail,New,Express,1,300,0,300,300,152.56,147.44,0.4915,0.5085,223.51,0.4615,0,0
ORD-00016,12/12/2025,Phoenix,West,Office Supplies,Laptops,Retail,Returning,Standard,4,25,0.03,100,97,69.43,27.57,0.2842,0.7158,159.9,0.1244,0,0
ORD-00017,12/22/2025,New York,Northeast,Technology,Bags,Retail,Returning,Express,7,750,0,5250,5250,3660.29,1589.71,0.3028,0.6972,6192.08,4.8611,1,0.1429
ORD-00018,2/2/2024,Houston,South,Technology,Laptops,Retail,New,Express,3,500,0.05,1500,1425,848.36,576.64,0.4047,0.5953,1460.97,1.5833,0,0
ORD-00019,4/20/2024,Phoenix,West,Office Supplies,Laptops,Retail,Returning,Express,4,40,0,160,160,76.47,83.53,0.5221,0.4779,174.07,0.2346,0,0
ORD-00020,3/22/2025,Phoenix,West,Office Supplies,Bags,Retail,New,Standard,3,200,0.1,600,540,372.32,167.68,0.3105,0.6895,652.13,0.8308,1,0.3333
ORD-00021,4/8/2025,New York,Northeast,Appliances,Chairs,Corporate,Returning,Standard,2,80,0.08,160,147.2,95.42,51.78,0.3518,0.6482,246.55,0.1752,0,0
ORD-00022,2/8/2024,New York,Northeast,Appliances,Bags,Retail,Returning,Standard,5,150,0,750,750,568.4,181.6,0.2421,0.7579,1135.55,0.9375,1,0.2
ORD-00023,4/7/2025,New York,Northeast,Technology,Laptops,Enterprise,Returning,Express,2,40,0.03,80,77.6,41.12,36.48,0.4701,0.5299,83.02,0.0821,1,0.5
ORD-00024,6/5/2024,Houston,South,Technology,Phones,Retail,New,Standard,6,200,0.05,1200,1140,667.1,472.9,0.4148,0.5852,1411.2,1.2063,0,0
ORD-00025,10/15/2025,Phoenix,West,Accessories,Bags,Retail,New,Standard,4,25,0,100,100,76.29,23.71,0.2371,0.7629,135.4,0.1389,0,0
ORD-00026,4/10/2025,New York,Northeast,Furniture,Bags,Enterprise,Returning,Express,3,200,0.05,600,570,261.09,308.91,0.5419,0.4581,586.71,0.7234,0,0
ORD-00027,1/20/2025,Miami,South,Office Supplies,Chairs,Retail,New,Standard,5,100,0,500,500,363.28,136.72,0.2734,0.7266,536.83,0.7692,0,0
ORD-00028,11/15/2024,Phoenix,West,Accessories,Bags,Retail,New,Standard,6,25,0.1,150,135,93.09,41.91,0.3104,0.6896,221.31,0.1875,0,0
ORD-00029,4/28/2025,Houston,South,Furniture,Phones,Enterprise,Returning,Standard,4,200,0.15,800,680,431.09,248.91,0.366,0.634,723.24,0.8629,1,0.25
ORD-00030,12/10/2025,Houston,South,Accessories,Phones,Retail,Returning,Standard,5,60,0.05,300,285,173.06,111.94,0.3928,0.6072,247.93,0.3958,0,0
ORD-00031,3/12/2024,Houston,South,Accessories,Phones,Enterprise,New,Standard,5,60,0,300,300,183.94,116.06,0.3869,0.6131,318.82,0.5,0,0
ORD-00032,3/10/2024,Los Angeles,West,Office Supplies,Bags,Enterprise,Returning,Standard,5,200,0.1,1000,900,581.56,318.44,0.3538,0.6462,1387.83,1.3846,0,0
ORD-00033,4/21/2024,Houston,South,Accessories,Phones,Corporate,Returning,Standard,5,750,0,3750,3750,2170.99,1579.01,0.4211,0.5789,3935.51,5.9524,1,0.2
ORD-00034,9/18/2025,Chicago,Midwest,Appliances,Phones,Consumer,New,Standard,2,500,0.1,1000,900,502.38,397.62,0.4418,0.5582,965.85,1.0045,0,0
ORD-00035,2/7/2025,Chicago,Midwest,Furniture,Kitchen,Corporate,New,Standard,4,200,0.05,800,760,500.28,259.72,0.3417,0.6583,818.04,1.0133,0,0
ORD-00036,9/23/2024,Miami,South,Technology,Paper,Corporate,Returning,Standard,3,300,0,900,900,496.95,403.05,0.4478,0.5522,1072.15,0.8929,0,0
ORD-00037,6/20/2024,Phoenix,West,Appliances,Phones,Retail,New,Standard,1,300,0.15,300,255,168.64,86.36,0.3387,0.6613,338.6,0.3036,1,1
ORD-00038,1/1/2024,Houston,South,Furniture,Phones,Consumer,Returning,Standard,2,500,0.03,1000,970,652.06,317.94,0.3278,0.6722,1131.49,1.2933,1,0.5
ORD-00039,8/4/2024,Miami,South,Accessories,Phones,Enterprise,Returning,Express,7,100,0,700,700,500.11,199.89,0.2856,0.7144,932.22,1.0417,0,0
ORD-00040,3/21/2024,New York,Northeast,Accessories,Kitchen,Corporate,New,Standard,3,200,0.05,600,570,303.73,266.27,0.4671,0.5329,265.51,0.95,0,0
ORD-00041,12/3/2025,Los Angeles,West,Office Supplies,Laptops,Enterprise,Returning,Standard,4,25,0,100,100,70.51,29.49,0.2949,0.7051,151.78,0.1282,0,0
ORD-00042,11/17/2024,Los Angeles,West,Appliances,Kitchen,Corporate,New,Express,9,150,0.1,1350,1215,838.45,376.55,0.3099,0.6901,1061.69,1.2656,0,0
ORD-00043,11/7/2025,Phoenix,West,Office Supplies,Paper,Corporate,Returning,Standard,1,500,0.1,500,450,275.97,174.03,0.3867,0.6133,868.76,0.5769,0,0
ORD-00044,10/2/2024,Los Angeles,West,Appliances,Paper,Enterprise,Returning,Standard,3,25,0.1,75,67.5,40.76,26.74,0.3961,0.6039,58.07,0.0703,1,0.3333
ORD-00045,9/22/2024,Chicago,Midwest,Office Supplies,Kitchen,Retail,Returning,Standard,4,200,0,800,800,440.7,359.3,0.4491,0.5509,477.94,1.0989,0,0
ORD-00046,6/25/2024,Los Angeles,West,Appliances,Bags,Corporate,New,Standard,3,80,0.08,240,220.8,119.71,101.09,0.4578,0.5422,299.19,0.2629,0,0
ORD-00047,4/8/2024,Miami,South,Office Supplies,Laptops,Corporate,Returning,Standard,5,150,0.05,750,712.5,425.6,286.9,0.4027,0.5973,529.94,1.0447,0,0
ORD-00048,2/11/2024,Miami,South,Office Supplies,Bags,Retail,Returning,Express,4,200,0.1,800,720,434.47,285.53,0.3966,0.6034,564.82,1.1077,1,0.25
ORD-00049,10/22/2024,Miami,South,Office Supplies,Kitchen,Retail,New,Standard,3,80,0.08,240,220.8,140.94,79.86,0.3617,0.6383,234.22,0.2831,1,0.3333
ORD-00050,2/16/2024,Houston,South,Furniture,Paper,Retail,Returning,Standard,6,40,0.1,240,216,159.83,56.17,0.26,0.74,184.86,0.288,0,0
ORD-00051,5/31/2025,New York,Northeast,Technology,Kitchen,Retail,Returning,Standard,8,80,0.08,640,588.8,440.7,148.1,0.2515,0.7485,681.14,0.6231,0,0
ORD-00052,3/29/2025,Chicago,Midwest,Furniture,Phones,Consumer,Returning,Standard,5,80,0.03,400,388,249.05,138.95,0.3581,0.6419,301.8,0.5173,0,0
ORD-00053,8/16/2025,Los Angeles,West,Office Supplies,Bags,Consumer,Returning,Standard,5,500,0,2500,2500,1746.29,753.71,0.3015,0.6985,1491.55,3.4341,0,0
ORD-00054,12/26/2024,Phoenix,West,Accessories,Phones,Enterprise,New,Standard,3,60,0.08,180,165.6,105.58,60.02,0.3624,0.6376,77.12,0.23,1,0.3333
ORD-00055,4/22/2024,New York,Northeast,Furniture,Paper,Corporate,New,Standard,5,100,0.03,500,485,281.92,203.08,0.4187,0.5813,324.85,0.6155,0,0
ORD-00056,11/4/2024,Miami,South,Office Supplies,Bags,Corporate,New,Standard,6,150,0.08,900,828,500.14,327.86,0.396,0.604,974.7,1.0615,0,0
ORD-00057,9/26/2025,New York,Northeast,Furniture,Paper,Retail,Returning,Express,7,500,0.05,3500,3325,2152.04,1172.96,0.3528,0.6472,3876.61,3.9583,1,0.1429
ORD-00058,5/6/2024,New York,Northeast,Office Supplies,Phones,Corporate,Returning,Express,3,25,0,75,75,58.25,16.75,0.2233,0.7767,90.4,0.11,0,0
ORD-00059,10/5/2024,Miami,South,Accessories,Phones,Corporate,Returning,Standard,1,500,0.05,500,475,315.59,159.41,0.3356,0.6644,495.7,0.6597,0,0
ORD-00060,1/10/2024,New York,Northeast,Office Supplies,Phones,Corporate,New,Standard,3,750,0.05,2250,2137.5,1457.07,680.43,0.3183,0.6817,1668.03,3.2885,0,0
ORD-00061,11/14/2024,Houston,South,Appliances,Laptops,Retail,Returning,Standard,5,100,0.05,500,475,389,86,0.1811,0.8189,504.41,0.4948,1,0.2
ORD-00062,8/30/2024,New York,Northeast,Accessories,Laptops,Corporate,Returning,Standard,4,750,0.08,3000,2760,1934.15,825.85,0.2992,0.7008,2057.97,4.1071,0,0
ORD-00063,12/30/2024,Houston,South,Accessories,Laptops,Retail,Returning,Standard,5,25,0.08,125,115,74.82,40.18,0.3494,0.6506,90.56,0.1597,0,0
ORD-00064,12/1/2025,Miami,South,Accessories,Kitchen,Corporate,New,Standard,1,40,0.05,40,38,28.08,9.92,0.2611,0.7389,30.24,0.0528,0,0
ORD-00065,7/6/2024,Houston,South,Technology,Phones,Retail,New,Standard,4,150,0.1,600,540,363.84,176.16,0.3262,0.6738,360.93,0.5357,0,0
ORD-00066,7/16/2025,Chicago,Midwest,Technology,Laptops,Enterprise,New,Express,3,150,0,450,450,313.4,136.6,0.3036,0.6964,526.15,0.4464,0,0
ORD-00067,12/14/2024,Los Angeles,West,Technology,Kitchen,Corporate,Returning,Express,2,200,0.05,400,380,264.34,115.66,0.3044,0.6956,329.35,0.3519,1,0.5
ORD-00068,4/29/2025,Los Angeles,West,Furniture,Paper,Enterprise,New,Standard,2,80,0,160,160,85.04,74.96,0.4685,0.5315,170.95,0.203,1,0.5
ORD-00069,10/13/2025,Chicago,Midwest,Office Supplies,Chairs,Retail,New,Standard,5,150,0.05,750,712.5,514.7,197.8,0.2776,0.7224,415.53,0.9135,0,0
ORD-00070,4/27/2024,Phoenix,West,Technology,Phones,Consumer,New,Express,2,100,0.03,200,194,123.96,70.04,0.361,0.639,152.87,0.2053,0,0
ORD-00071,1/31/2024,Los Angeles,West,Technology,Laptops,Retail,Returning,Standard,4,200,0.1,800,720,412.62,307.38,0.4269,0.5731,741.56,0.8,0,0
ORD-00072,2/2/2025,Phoenix,West,Furniture,Laptops,Corporate,New,Standard,7,300,0.03,2100,2037,1220.01,816.99,0.4011,0.5989,2110.3,2.716,0,0
ORD-00073,3/28/2024,New York,Northeast,Furniture,Laptops,Enterprise,New,Express,5,40,0.05,200,190,116.45,73.55,0.3871,0.6129,224.15,0.2533,0,0
ORD-00074,2/9/2025,New York,Northeast,Accessories,Paper,Enterprise,Returning,Standard,3,80,0.05,240,228,141.49,86.51,0.3794,0.6206,238.98,0.38,0,0
ORD-00075,7/5/2024,New York,Northeast,Furniture,Bags,Consumer,Returning,Express,3,80,0,240,240,143.91,96.09,0.4004,0.5996,254.52,0.2857,0,0
ORD-00076,6/27/2025,Miami,South,Furniture,Chairs,Consumer,Returning,Express,4,60,0.05,240,228,128.53,99.47,0.4363,0.5637,344.45,0.2893,0,0
ORD-00077,4/24/2025,Miami,South,Furniture,Chairs,Retail,New,Standard,2,40,0,80,80,45.39,34.61,0.4326,0.5674,84,0.1015,0,0
ORD-00078,7/1/2024,Los Angeles,West,Office Supplies,Laptops,Retail,New,Standard,4,150,0.05,600,570,293.19,276.81,0.4856,0.5144,450.18,0.783,0,0
ORD-00079,1/26/2025,Los Angeles,West,Accessories,Phones,Consumer,New,Express,4,100,0.08,400,368,256.68,111.32,0.3025,0.6975,397.14,0.6133,0,0
ORD-00080,2/25/2025,Chicago,Midwest,Furniture,Laptops,Corporate,Returning,Standard,3,40,0,120,120,74.66,45.34,0.3778,0.6222,141.27,0.16,0,0
ORD-00081,10/4/2025,New York,Northeast,Furniture,Laptops,Retail,Returning,Express,3,150,0.03,450,436.5,338.93,97.57,0.2235,0.7765,536.68,0.485,0,0
ORD-00082,1/15/2024,Houston,South,Appliances,Chairs,Enterprise,New,Standard,1,40,0.08,40,36.8,28.09,8.71,0.2367,0.7633,38.77,0.046,0,0
ORD-00083,12/9/2025,Houston,South,Appliances,Kitchen,Corporate,New,Standard,1,100,0.1,100,90,73.8,16.2,0.18,0.82,121.99,0.0938,1,1
ORD-00084,5/18/2024,Miami,South,Appliances,Phones,Enterprise,New,Standard,5,60,0.15,300,255,176.22,78.78,0.3089,0.6911,309.5,0.3036,0,0
ORD-00085,12/12/2024,Chicago,Midwest,Technology,Phones,Retail,Returning,Express,4,60,0,240,240,178.57,61.43,0.256,0.744,185.93,0.2222,0,0
ORD-00086,8/14/2024,New York,Northeast,Appliances,Paper,Consumer,New,Standard,4,25,0,100,100,73.8,26.2,0.262,0.738,132.62,0.1116,0,0
ORD-00087,8/18/2024,Phoenix,West,Furniture,Paper,Retail,Returning,Standard,4,500,0.15,2000,1700,1323.84,376.16,0.2213,0.7787,1480.62,2.0238,0,0
ORD-00088,8/14/2024,Los Angeles,West,Office Supplies,Bags,Corporate,New,Standard,1,500,0,500,500,278,222,0.444,0.556,394.29,0.6868,0,0
ORD-00089,11/14/2025,New York,Northeast,Appliances,Kitchen,Retail,Returning,Standard,5,500,0.03,2500,2425,1802.35,622.65,0.2568,0.7432,2595.32,2.526,0,0
ORD-00090,12/11/2024,Miami,South,Accessories,Phones,Corporate,Returning,Standard,4,100,0,400,400,264.57,135.43,0.3386,0.6614,266.29,0.5556,1,0.25
ORD-00091,10/21/2025,Houston,South,Appliances,Chairs,Consumer,Returning,Standard,2,500,0.05,1000,950,765.22,184.78,0.1945,0.8055,625.81,0.9896,0,0
ORD-00092,2/1/2025,Miami,South,Office Supplies,Paper,Enterprise,New,Standard,2,80,0,160,160,79.44,80.56,0.5035,0.4965,189.51,0.2462,0,0
ORD-00093,11/13/2025,Phoenix,West,Accessories,Chairs,Retail,Returning,Express,11,80,0.05,880,836,596.3,239.7,0.2867,0.7133,656.01,1.1611,0,0
ORD-00094,1/9/2024,Miami,South,Appliances,Bags,Retail,Returning,Standard,7,200,0,1400,1400,1090.8,309.2,0.2209,0.7791,1449.18,1.75,1,0.1429
ORD-00095,12/14/2024,New York,Northeast,Technology,Laptops,Enterprise,Returning,Standard,1,60,0.08,60,55.2,37.25,17.95,0.3252,0.6748,59.12,0.0511,0,0
ORD-00096,7/18/2025,Los Angeles,West,Technology,Phones,Consumer,New,Express,3,750,0,2250,2250,1420.92,829.08,0.3685,0.6315,1685.71,2.2321,0,0
ORD-00097,9/26/2024,Los Angeles,West,Office Supplies,Kitchen,Retail,New,Standard,4,300,0,1200,1200,656.6,543.4,0.4528,0.5472,1284.34,1.6484,0,0
ORD-00098,7/28/2024,Los Angeles,West,Furniture,Chairs,Consumer,Returning,Standard,6,500,0.1,3000,2700,1562.72,1137.28,0.4212,0.5788,1990.06,3.2143,0,0
ORD-00099,1/29/2024,Houston,South,Office Supplies,Kitchen,Retail,Returning,Standard,6,25,0.08,150,138,66.49,71.51,0.5182,0.4818,144.14,0.2123,0,0
ORD-00100,1/6/2024,Los Angeles,West,Office Supplies,Chairs,Enterprise,Returning,Standard,4,25,0.05,100,95,64.19,30.81,0.3243,0.6757,146.47,0.1462,0,0
ORD-00101,9/9/2025,Miami,South,Accessories,Bags,Consumer,New,Standard,4,60,0.08,240,220.8,117.95,102.85,0.4658,0.5342,260.91,0.3286,1,0.25
ORD-00102,10/12/2024,Los Angeles,West,Accessories,Phones,Retail,Returning,Standard,2,300,0.05,600,570,321.72,248.28,0.4356,0.5644,339.19,0.7917,0,0
ORD-00103,12/24/2025,New York,Northeast,Accessories,Kitchen,Consumer,Returning,Standard,3,200,0.03,600,582,407.56,174.44,0.2997,0.7003,267.83,0.8083,0,0
ORD-00104,1/4/2025,Chicago,Midwest,Office Supplies,Paper,Corporate,Returning,Express,2,150,0.05,300,285,148.71,136.29,0.4782,0.5218,170.96,0.4385,0,0
ORD-00105,3/7/2024,Houston,South,Office Supplies,Phones,Enterprise,New,Express,4,200,0.05,800,760,438.11,321.89,0.4235,0.5765,828.6,1.1692,1,0.25
ORD-00106,3/27/2025,New York,Northeast,Accessories,Chairs,Retail,Returning,Standard,1,150,0.05,150,142.5,110.11,32.39,0.2273,0.7727,112.73,0.2375,0,0
ORD-00107,3/17/2025,Chicago,Midwest,Office Supplies,Paper,Enterprise,Returning,Standard,4,60,0.1,240,216,108.91,107.09,0.4958,0.5042,251.76,0.3323,0,0
ORD-00108,8/29/2024,New York,Northeast,Technology,Paper,Retail,Returning,Standard,3,100,0.03,300,291,149.38,141.62,0.4867,0.5133,347.53,0.2887,0,0
ORD-00109,9/5/2025,Chicago,Midwest,Technology,Paper,Corporate,Returning,Standard,4,500,0,2000,2000,1110.85,889.15,0.4446,0.5554,1552.91,1.9841,0,0
ORD-00110,5/1/2024,Chicago,Midwest,Furniture,Paper,Retail,New,Standard,1,100,0,100,100,71.67,28.33,0.2833,0.7167,75.53,0.1269,0,0
ORD-00111,1/3/2024,Phoenix,West,Office Supplies,Paper,Retail,New,Standard,4,200,0.08,800,736,511.58,224.42,0.3049,0.6951,901.11,1.1323,0,0
ORD-00112,10/16/2024,Los Angeles,West,Appliances,Laptops,Retail,New,Standard,3,200,0.05,600,570,458.19,111.81,0.1962,0.8038,596.87,0.5938,0,0
ORD-00113,3/24/2024,New York,Northeast,Technology,Bags,Consumer,New,Standard,3,80,0.03,240,232.8,157.62,75.18,0.3229,0.6771,250.24,0.2587,0,0
ORD-00114,8/18/2024,Los Angeles,West,Office Supplies,Paper,Retail,New,Standard,6,300,0,1800,1800,1132.96,667.04,0.3706,0.6294,1346.51,2.4725,0,0
ORD-00115,12/10/2025,New York,Northeast,Technology,Chairs,Enterprise,New,Standard,6,40,0.05,240,228,179.45,48.55,0.2129,0.7871,524.41,0.2111,0,0
ORD-00116,3/20/2024,Los Angeles,West,Furniture,Laptops,Retail,Returning,Standard,7,60,0.03,420,407.4,305.48,101.92,0.2502,0.7498,443.61,0.5432,0,0
ORD-00117,3/29/2024,Phoenix,West,Office Supplies,Phones,Enterprise,Returning,Express,3,200,0.05,600,570,318.28,251.72,0.4416,0.5584,670.54,0.8769,0,0
ORD-00118,6/19/2024,Los Angeles,West,Technology,Laptops,Consumer,Returning,Standard,4,60,0.1,240,216,135.31,80.69,0.3736,0.6264,162.26,0.2286,0,0
ORD-00119,3/19/2024,Phoenix,West,Furniture,Bags,Retail,Returning,Standard,6,100,0.05,600,570,377.26,192.74,0.3381,0.6619,611.35,0.76,0,0
ORD-00120,4/21/2024,Chicago,Midwest,Office Supplies,Phones,Corporate,Returning,Standard,7,500,0.05,3500,3325,1790.45,1534.55,0.4615,0.5385,3467.32,4.8754,0,0
ORD-00121,10/9/2024,Los Angeles,West,Accessories,Phones,Retail,New,Standard,5,80,0.15,400,340,226.32,113.68,0.3344,0.6656,254.38,0.4722,1,0.2
ORD-00122,1/19/2024,New York,Northeast,Furniture,Laptops,Enterprise,Returning,Standard,3,25,0.03,75,72.75,45.77,26.98,0.3709,0.6291,87.87,0.097,1,0.3333
ORD-00123,12/26/2025,Los Angeles,West,Appliances,Chairs,Corporate,Returning,Standard,4,300,0.08,1200,1104,905.28,198.72,0.18,0.82,2532.15,1.15,0,0
ORD-00124,6/1/2025,Phoenix,West,Accessories,Laptops,Corporate,Returning,Express,5,300,0,1500,1500,799.59,700.41,0.4669,0.5331,1554.32,2.381,1,0.2
ORD-00125,4/18/2025,New York,Northeast,Appliances,Chairs,Corporate,Returning,Standard,1,60,0,60,60,38.19,21.81,0.3635,0.6365,51.2,0.0714,0,0
ORD-00126,2/13/2025,Miami,South,Technology,Phones,Corporate,New,Express,10,80,0,800,800,437.53,362.47,0.4531,0.5469,532.46,0.8889,0,0
ORD-00127,5/4/2024,New York,Northeast,Office Supplies,Bags,Retail,Returning,Express,7,100,0.05,700,665,456.32,208.68,0.3138,0.6862,888.37,0.9751,0,0
ORD-00128,3/4/2025,Miami,South,Accessories,Laptops,Retail,Returning,Standard,5,500,0.08,2500,2300,1202.59,1097.41,0.4771,0.5229,2783.96,3.8333,0,0
ORD-00129,5/9/2024,New York,Northeast,Furniture,Chairs,Corporate,New,Standard,5,300,0.05,1500,1425,1168.5,256.5,0.18,0.82,1111.64,1.8084,0,0
ORD-00130,11/12/2024,Chicago,Midwest,Furniture,Paper,Consumer,Returning,Standard,3,25,0.05,75,71.25,51.38,19.87,0.2789,0.7211,76.96,0.0792,0,0
ORD-00131,3/5/2024,Phoenix,West,Office Supplies,Bags,Corporate,New,Standard,5,40,0,200,200,123.48,76.52,0.3826,0.6174,117.14,0.3077,0,0
ORD-00132,11/8/2024,New York,Northeast,Appliances,Laptops,Enterprise,New,Standard,2,60,0,120,120,83.33,36.67,0.3056,0.6944,201.99,0.125,0,0
ORD-00133,6/11/2024,Houston,South,Accessories,Chairs,Enterprise,Returning,Standard,1,80,0.08,80,73.6,49.36,24.24,0.3293,0.6707,141.59,0.1168,0,0
ORD-00134,8/7/2025,Chicago,Midwest,Furniture,Laptops,Retail,Returning,Standard,7,25,0.08,175,161,121.58,39.42,0.2448,0.7552,196.47,0.1917,0,0
ORD-00135,10/5/2024,Chicago,Midwest,Furniture,Laptops,Retail,New,Standard,6,60,0.05,360,342,245.6,96.4,0.2819,0.7181,255.93,0.38,0,0
ORD-00136,11/22/2024,Los Angeles,West,Appliances,Paper,Retail,Returning,Standard,5,100,0.03,500,485,381.34,103.66,0.2137,0.7863,917.42,0.5052,0,0
ORD-00137,7/23/2024,Chicago,Midwest,Furniture,Paper,Retail,Returning,Express,2,60,0,120,120,69.77,50.23,0.4186,0.5814,282.54,0.1429,0,0
ORD-00138,12/25/2024,Los Angeles,West,Technology,Chairs,Consumer,New,Standard,7,25,0.05,175,166.25,136.32,29.93,0.18,0.82,199.81,0.1539,0,0
ORD-00139,11/27/2025,Chicago,Midwest,Technology,Bags,Enterprise,Returning,Standard,7,200,0.05,1400,1330,884.15,445.85,0.3352,0.6648,1641.01,1.2315,1,0.1429
ORD-00140,11/25/2025,Phoenix,West,Technology,Laptops,Corporate,New,Standard,3,25,0,75,75,48.94,26.06,0.3475,0.6525,90.8,0.0694,0,0
ORD-00141,8/11/2025,New York,Northeast,Appliances,Chairs,Retail,New,Standard,8,100,0,800,800,569.26,230.74,0.2884,0.7116,861.54,0.8929,0,0
ORD-00142,7/29/2025,Los Angeles,West,Accessories,Kitchen,Enterprise,New,Standard,7,750,0.1,5250,4725,3355.5,1369.5,0.2898,0.7102,4983.39,7.0312,0,0
ORD-00143,8/23/2025,Chicago,Midwest,Furniture,Paper,Consumer,Returning,Standard,9,200,0.08,1800,1656,1188.76,467.24,0.2821,0.7179,1975.58,1.9714,0,0
ORD-00144,3/15/2025,New York,Northeast,Accessories,Laptops,Retail,Returning,Standard,4,40,0.03,160,155.2,100.4,54.8,0.3531,0.6469,134.57,0.2587,0,0
ORD-00145,2/15/2024,Chicago,Midwest,Technology,Paper,Consumer,New,Standard,4,80,0.03,320,310.4,188.3,122.1,0.3934,0.6066,243.77,0.3449,1,0.25
ORD-00146,2/28/2025,Los Angeles,West,Appliances,Bags,Retail,New,Standard,1,200,0.15,200,170,112.81,57.19,0.3364,0.6636,202.99,0.2125,0,0
ORD-00147,10/10/2024,Miami,South,Office Supplies,Phones,Enterprise,Returning,Standard,7,80,0.08,560,515.2,312.08,203.12,0.3943,0.6057,554.23,0.6605,1,0.1429
ORD-00148,8/10/2024,Chicago,Midwest,Office Supplies,Bags,Corporate,Returning,Standard,7,200,0.08,1400,1288,854.11,433.89,0.3369,0.6631,1580.02,1.7692,0,0
ORD-00149,9/5/2025,New York,Northeast,Accessories,Phones,Retail,Returning,Standard,7,60,0,420,420,223.99,196.01,0.4667,0.5333,453.28,0.625,0,0
ORD-00150,9/22/2025,Miami,South,Technology,Phones,Enterprise,New,Standard,2,100,0.08,200,184,87.84,96.16,0.5226,0.4774,348.04,0.1825,0,0
ORD-00151,5/20/2025,New York,Northeast,Appliances,Kitchen,Retail,Returning,Standard,7,300,0,2100,2100,1590.89,509.11,0.2424,0.7576,2475.4,2.5,0,0
ORD-00152,12/7/2025,Los Angeles,West,Furniture,Chairs,Consumer,Returning,Standard,6,750,0.03,4500,4365,3256.23,1108.77,0.254,0.746,2940.29,4.85,0,0
ORD-00153,2/8/2024,Los Angeles,West,Appliances,Paper,Retail,Returning,Standard,4,100,0.1,400,360,257.28,102.72,0.2853,0.7147,541.55,0.45,0,0
ORD-00154,12/10/2025,Los Angeles,West,Office Supplies,Kitchen,Retail,Returning,Express,6,300,0.08,1800,1656,958.24,697.76,0.4214,0.5786,1435.07,2.1231,0,0
ORD-00155,7/13/2025,Phoenix,West,Technology,Paper,Consumer,New,Express,8,500,0.03,4000,3880,2696.72,1183.28,0.305,0.695,5148.68,3.8492,1,0.125
ORD-00156,1/21/2024,Phoenix,West,Furniture,Phones,Consumer,Returning,Standard,2,100,0.08,200,184,145.36,38.64,0.21,0.79,354.93,0.2453,0,0
ORD-00157,12/12/2024,Chicago,Midwest,Appliances,Bags,Retail,Returning,Express,9,500,0.15,4500,3825,2895.73,929.27,0.2429,0.7571,2247.74,3.9844,0,0
ORD-00158,8/11/2025,New York,Northeast,Office Supplies,Bags,Consumer,Returning,Standard,6,80,0.05,480,456,309.31,146.69,0.3217,0.6783,361.73,0.6264,0,0
ORD-00159,6/1/2024,Houston,South,Office Supplies,Chairs,Retail,Returning,Express,5,200,0,1000,1000,651.96,348.04,0.348,0.652,1210.67,1.4663,0,0
ORD-00160,7/26/2024,Phoenix,West,Furniture,Laptops,Corporate,New,Standard,8,80,0.05,640,608,404.63,203.37,0.3345,0.6655,660.31,0.7238,0,0
ORD-00161,12/22/2024,New York,Northeast,Appliances,Phones,Consumer,New,Standard,7,80,0.03,560,543.2,390.59,152.61,0.2809,0.7191,645.72,0.5658,0,0
ORD-00162,5/18/2024,Houston,South,Office Supplies,Kitchen,Corporate,Returning,Express,6,200,0,1200,1200,804.9,395.1,0.3293,0.6708,1461.49,1.7595,1,0.1667
ORD-00163,10/30/2024,Houston,South,Accessories,Bags,Corporate,Returning,Standard,5,40,0.08,200,184,140.53,43.47,0.2362,0.7638,189.6,0.2556,1,0.2
ORD-00164,12/16/2025,Chicago,Midwest,Appliances,Paper,Corporate,Returning,Express,5,40,0.08,200,184,150.88,33.12,0.18,0.82,196.18,0.1917,0,0
ORD-00165,5/3/2024,Chicago,Midwest,Accessories,Chairs,Retail,New,Express,3,150,0.08,450,414,193.95,220.05,0.5315,0.4685,508.38,0.6571,0,0
ORD-00166,7/4/2025,Chicago,Midwest,Office Supplies,Laptops,Retail,New,Standard,6,100,0.08,600,552,291.49,260.51,0.4719,0.5281,590.96,0.7582,0,0
ORD-00167,3/6/2025,Houston,South,Office Supplies,Bags,Retail,Returning,Standard,2,80,0.05,160,152,116.98,35.02,0.2304,0.7696,132.81,0.2338,0,0
ORD-00168,1/24/2025,Chicago,Midwest,Technology,Paper,Corporate,New,Standard,6,100,0.05,600,570,329.01,240.99,0.4228,0.5772,497.72,0.6333,1,0.1667
ORD-00169,3/16/2024,Chicago,Midwest,Appliances,Phones,Consumer,Returning,Standard,2,80,0.03,160,155.2,105.35,49.85,0.3212,0.6788,163.08,0.194,1,0.5
ORD-00170,10/19/2025,New York,Northeast,Accessories,Kitchen,Consumer,Returning,Standard,6,25,0.05,150,142.5,105.72,36.78,0.2581,0.7419,173.68,0.1979,0,0
ORD-00171,11/16/2025,Phoenix,West,Office Supplies,Bags,Corporate,Returning,Standard,7,200,0.1,1400,1260,826.77,433.23,0.3438,0.6562,2402.84,1.6154,0,0
ORD-00172,6/14/2025,New York,Northeast,Technology,Kitchen,Retail,Returning,Standard,4,60,0.03,240,232.8,119.97,112.83,0.4847,0.5153,284.95,0.2463,0,0
ORD-00173,12/30/2024,Chicago,Midwest,Appliances,Phones,Consumer,New,Standard,7,200,0.15,1400,1190,759.38,430.62,0.3619,0.6381,1248.13,1.2396,0,0
ORD-00174,7/4/2024,Los Angeles,West,Appliances,Paper,Retail,New,Standard,2,150,0.1,300,270,166.41,103.59,0.3837,0.6163,215.95,0.3013,0,0
ORD-00175,11/17/2025,Miami,South,Technology,Laptops,Enterprise,New,Standard,7,500,0.05,3500,3325,2049.49,1275.51,0.3836,0.6164,2598.65,3.0787,0,0
ORD-00176,9/29/2025,Los Angeles,West,Technology,Phones,Retail,Returning,Standard,4,80,0.05,320,304,165.39,138.61,0.456,0.544,199.61,0.3016,0,0
ORD-00177,10/25/2024,Phoenix,West,Technology,Paper,Enterprise,Returning,Standard,6,200,0.03,1200,1164,885.25,278.75,0.2395,0.7605,1251.59,1.0778,0,0
ORD-00178,8/4/2024,Los Angeles,West,Technology,Chairs,Retail,New,Standard,3,500,0,1500,1500,1050.2,449.8,0.2999,0.7001,1201.73,1.4881,0,0
ORD-00179,2/21/2025,New York,Northeast,Accessories,Chairs,Retail,Returning,Standard,5,750,0.05,3750,3562.5,1800.25,1762.25,0.4947,0.5053,3808.3,5.9375,0,0
ORD-00180,7/19/2025,New York,Northeast,Office Supplies,Chairs,Enterprise,Returning,Standard,6,150,0.03,900,873,555.31,317.69,0.3639,0.6361,1687.83,1.1992,0,0
ORD-00181,10/13/2025,Phoenix,West,Technology,Paper,Enterprise,Returning,Standard,6,100,0.05,600,570,377.35,192.65,0.338,0.662,608.39,0.5278,0,0
ORD-00182,2/2/2025,Chicago,Midwest,Office Supplies,Bags,Consumer,New,Express,4,200,0,800,800,466.58,333.42,0.4168,0.5832,1345.35,1.2308,0,0
ORD-00183,5/28/2025,Phoenix,West,Appliances,Bags,Retail,Returning,Standard,7,100,0.03,700,679,507.01,171.99,0.2533,0.7467,401.87,0.8083,1,0.1429
ORD-00184,2/7/2024,Houston,South,Technology,Kitchen,Corporate,New,Standard,2,200,0.08,400,368,243.7,124.3,0.3378,0.6622,447.75,0.4089,0,0
ORD-00185,6/5/2024,Miami,South,Technology,Kitchen,Consumer,Returning,Standard,4,100,0.05,400,380,241.85,138.15,0.3636,0.6364,447.21,0.4021,0,0
ORD-00186,2/19/2025,Miami,South,Furniture,Kitchen,Consumer,New,Express,3,300,0,900,900,595.76,304.24,0.338,0.662,419.12,1.2,0,0
ORD-00187,6/26/2024,Houston,South,Furniture,Paper,Consumer,New,Express,4,25,0.03,100,97,67.27,29.73,0.3065,0.6935,160.61,0.1231,0,0
ORD-00188,12/3/2025,Los Angeles,West,Appliances,Laptops,Retail,Returning,Express,7,150,0.05,1050,997.5,746.59,250.91,0.2515,0.7485,1065.4,1.0391,0,0
ORD-00189,5/4/2025,Los Angeles,West,Appliances,Paper,Enterprise,Returning,Standard,1,200,0.05,200,190,155.8,34.2,0.18,0.82,234.18,0.2262,1,1
ORD-00190,12/23/2024,New York,Northeast,Accessories,Paper,Retail,New,Standard,7,60,0.1,420,378,244.13,133.87,0.3542,0.6458,403.36,0.525,0,0
ORD-00191,1/20/2024,Miami,South,Appliances,Bags,Retail,New,Express,4,500,0.03,2000,1940,1461.2,478.8,0.2468,0.7532,2363.38,2.425,0,0
ORD-00192,8/26/2025,Los Angeles,West,Accessories,Paper,Retail,Returning,Express,6,60,0.08,360,331.2,264.14,67.06,0.2025,0.7975,152.3,0.4929,0,0
ORD-00193,10/26/2025,Miami,South,Appliances,Bags,Consumer,Returning,Standard,5,100,0,500,500,364.3,135.7,0.2714,0.7286,390.28,0.5208,0,0
ORD-00194,9/15/2025,New York,Northeast,Furniture,Chairs,Enterprise,New,Standard,6,60,0.05,360,342,173.66,168.34,0.4922,0.5078,415.33,0.4071,0,0
ORD-00195,12/29/2025,Chicago,Midwest,Accessories,Kitchen,Retail,Returning,Standard,6,80,0.08,480,441.6,314.74,126.86,0.2873,0.7127,343.47,0.6133,0,0
ORD-00196,9/25/2025,Los Angeles,West,Office Supplies,Phones,Corporate,Returning,Standard,7,300,0.1,2100,1890,1034.12,855.88,0.4528,0.5472,2251.59,2.5962,1,0.1429
ORD-00197,7/25/2025,Los Angeles,West,Accessories,Phones,Consumer,New,Standard,3,500,0.1,1500,1350,890.62,459.38,0.3403,0.6597,2250.48,2.0089,0,0
ORD-00198,4/24/2025,New York,Northeast,Appliances,Paper,Consumer,New,Standard,1,500,0.05,500,475,310.84,164.16,0.3456,0.6544,358.47,0.5655,0,0
ORD-00199,12/9/2024,New York,Northeast,Technology,Bags,Retail,New,Express,4,150,0,600,600,436.62,163.38,0.2723,0.7277,727.39,0.5556,0,0
ORD-00200,7/28/2025,Houston,South,Office Supplies,Phones,Consumer,New,Express,4,60,0.05,240,228,154.99,73.01,0.3202,0.6798,277.36,0.3132,0,0
ORD-00201,8/15/2025,Miami,South,Appliances,Chairs,Enterprise,Returning,Standard,7,150,0.08,1050,966,673.18,292.82,0.3031,0.6969,1137.03,1.0781,0,0
ORD-00202,3/3/2024,New York,Northeast,Office Supplies,Phones,Retail,New,Standard,4,150,0.1,600,540,287.33,252.67,0.4679,0.5321,588.57,0.8308,0,0
ORD-00203,12/31/2024,Los Angeles,West,Office Supplies,Phones,Retail,Returning,Express,7,60,0.03,420,407.4,292.64,114.76,0.2817,0.7183,304.05,0.5223,0,0
ORD-00204,7/24/2024,New York,Northeast,Appliances,Bags,Corporate,New,Standard,5,300,0.1,1500,1350,1031.57,318.43,0.2359,0.7641,1444.06,1.5067,0,0
ORD-00205,2/20/2025,Miami,South,Appliances,Bags,Corporate,Returning,Standard,5,200,0,1000,1000,627.38,372.62,0.3726,0.6274,1150.31,1.25,0,0
ORD-00206,7/9/2024,Chicago,Midwest,Accessories,Bags,Retail,Returning,Standard,4,100,0.1,400,360,223.36,136.64,0.3796,0.6204,237.71,0.5357,0,0
ORD-00207,8/5/2025,Phoenix,West,Technology,Phones,Consumer,New,Standard,4,150,0.03,600,582,300,282,0.4845,0.5155,607.22,0.5774,0,0
ORD-00208,1/2/2025,Houston,South,Technology,Chairs,Enterprise,New,Standard,2,25,0.1,50,45,27.57,17.43,0.3873,0.6127,30.12,0.05,0,0
ORD-00209,7/26/2024,Phoenix,West,Technology,Phones,Enterprise,Returning,Express,4,750,0.08,3000,2760,1493.13,1266.87,0.459,0.541,3281.18,2.7381,0,0
ORD-00210,10/7/2024,Los Angeles,West,Technology,Laptops,Corporate,Returning,Express,6,80,0.1,480,432,310.85,121.15,0.2804,0.7196,341.13,0.4,0,0
ORD-00211,2/15/2024,Los Angeles,West,Office Supplies,Phones,Corporate,Returning,Standard,3,40,0.03,120,116.4,62.76,53.64,0.4608,0.5392,178.04,0.1791,0,0
ORD-00212,6/20/2024,Chicago,Midwest,Technology,Chairs,Corporate,Returning,Standard,3,40,0.15,120,102,67.47,34.53,0.3385,0.6615,109.89,0.1079,0,0
ORD-00213,5/9/2024,Los Angeles,West,Office Supplies,Chairs,Consumer,New,Standard,4,200,0.08,800,736,443.92,292.08,0.3968,0.6032,788.61,1.0792,1,0.25
ORD-00214,11/14/2025,New York,Northeast,Office Supplies,Kitchen,Consumer,New,Standard,6,40,0.05,240,228,144.09,83.91,0.368,0.632,441.54,0.2923,0,0
ORD-00215,6/1/2025,Chicago,Midwest,Office Supplies,Chairs,Corporate,New,Standard,5,200,0.1,1000,900,500.04,399.96,0.4444,0.5556,715.13,1.3196,0,0
ORD-00216,9/6/2024,Los Angeles,West,Accessories,Paper,Enterprise,New,Standard,6,500,0.03,3000,2910,1503.28,1406.72,0.4834,0.5166,4456.99,4.3304,0,0
ORD-00217,11/27/2025,Los Angeles,West,Accessories,Chairs,Retail,New,Standard,6,500,0.05,3000,2850,1620.28,1229.72,0.4315,0.5685,3047.38,3.9583,0,0
ORD-00218,10/7/2025,Chicago,Midwest,Accessories,Phones,Enterprise,Returning,Standard,6,80,0.03,480,465.6,275.79,189.81,0.4077,0.5923,343.55,0.6467,0,0
ORD-00219,3/3/2024,Los Angeles,West,Technology,Chairs,Enterprise,Returning,Standard,2,200,0.05,400,380,237.09,142.91,0.3761,0.6239,332.99,0.4222,0,0
ORD-00220,11/9/2024,Chicago,Midwest,Technology,Bags,Retail,New,Standard,4,150,0,600,600,371.7,228.3,0.3805,0.6195,632,0.5556,0,0
ORD-00221,12/4/2025,New York,Northeast,Appliances,Chairs,Enterprise,New,Standard,6,200,0.15,1200,1020,836.4,183.6,0.18,0.82,469.88,1.0625,0,0
ORD-00222,5/25/2025,New York,Northeast,Technology,Chairs,Retail,New,Express,7,40,0.1,280,252,196.63,55.37,0.2197,0.7803,302.92,0.2667,0,0
ORD-00223,1/18/2025,Los Angeles,West,Accessories,Paper,Retail,New,Standard,3,80,0.15,240,204,133.7,70.3,0.3446,0.6554,216.27,0.34,0,0
ORD-00224,4/18/2025,Houston,South,Office Supplies,Laptops,Corporate,New,Express,4,300,0.1,1200,1080,537.81,542.19,0.502,0.498,1819.57,1.5836,0,0
ORD-00225,7/13/2025,Los Angeles,West,Furniture,Laptops,Consumer,Returning,Standard,3,80,0,240,240,146.08,93.92,0.3913,0.6087,251.96,0.2857,0,0
ORD-00226,1/8/2025,Phoenix,West,Furniture,Chairs,Retail,Returning,Standard,2,100,0,200,200,156.33,43.67,0.2184,0.7817,213.69,0.2667,0,0
ORD-00227,10/21/2024,Los Angeles,West,Furniture,Chairs,Enterprise,New,Standard,2,150,0.05,300,285,231.35,53.65,0.1882,0.8118,337.82,0.3167,0,0
ORD-00228,2/8/2025,New York,Northeast,Accessories,Kitchen,Retail,Returning,Express,1,300,0.1,300,270,140.28,129.72,0.4804,0.5196,285.32,0.45,0,0
ORD-00229,4/8/2025,Los Angeles,West,Office Supplies,Kitchen,Consumer,Returning,Express,2,150,0.15,300,255,136.6,118.4,0.4643,0.5357,307.86,0.3739,0,0
ORD-00230,3/22/2024,Chicago,Midwest,Appliances,Kitchen,Corporate,Returning,Standard,6,80,0.05,480,456,257.28,198.72,0.4358,0.5642,748.94,0.57,1,0.1667
ORD-00231,2/14/2024,New York,Northeast,Technology,Kitchen,Retail,New,Standard,3,500,0.15,1500,1275,804.96,470.04,0.3687,0.6313,991.3,1.4167,0,0
ORD-00232,7/10/2024,New York,Northeast,Technology,Kitchen,Enterprise,Returning,Standard,2,40,0.15,80,68,39.18,28.82,0.4238,0.5762,91.09,0.0675,0,0
ORD-00233,3/30/2025,Miami,South,Accessories,Laptops,Corporate,New,Express,2,150,0.08,300,276,159.12,116.88,0.4235,0.5765,129.7,0.46,1,0.5
ORD-00234,3/30/2024,Houston,South,Technology,Laptops,Enterprise,Returning,Standard,4,25,0,100,100,63.51,36.49,0.3649,0.6351,105.96,0.1111,1,0.25
ORD-00235,5/19/2025,Phoenix,West,Technology,Phones,Retail,Returning,Standard,9,500,0,4500,4500,2776.07,1723.93,0.3831,0.6169,4911.06,4.7619,0,0
ORD-00236,5/2/2025,Los Angeles,West,Furniture,Kitchen,Consumer,New,Standard,6,40,0.15,240,204,147.09,56.91,0.279,0.721,247.63,0.2589,0,0
ORD-00237,2/21/2024,Phoenix,West,Accessories,Paper,Retail,New,Express,3,300,0.05,900,855,467.76,387.24,0.4529,0.5471,1047.17,1.425,0,0
ORD-00238,3/18/2025,Miami,South,Technology,Phones,Enterprise,Returning,Standard,6,500,0.1,3000,2700,1545.58,1154.42,0.4276,0.5724,2828.81,3,0,0
ORD-00239,1/29/2025,Miami,South,Accessories,Kitchen,Consumer,Returning,Standard,4,150,0.1,600,540,376.96,163.04,0.3019,0.6981,652.44,0.9,1,0.25
ORD-00240,6/23/2025,Chicago,Midwest,Office Supplies,Bags,Retail,Returning,Standard,6,150,0.03,900,873,583.07,289.93,0.3321,0.6679,399.84,1.2801,0,0
ORD-00241,3/7/2025,Miami,South,Office Supplies,Bags,Consumer,New,Standard,5,200,0.1,1000,900,503.5,396.5,0.4406,0.5594,1510.65,1.3846,0,0
ORD-00242,10/3/2025,Houston,South,Office Supplies,Chairs,Retail,Returning,Standard,1,300,0.08,300,276,183.02,92.98,0.3369,0.6631,299.27,0.3538,0,0
ORD-00243,10/8/2025,Phoenix,West,Technology,Paper,Enterprise,New,Standard,5,80,0.1,400,360,255.92,104.08,0.2891,0.7109,370.98,0.3333,0,0
ORD-00244,2/3/2024,Los Angeles,West,Furniture,Paper,Retail,New,Standard,5,150,0.03,750,727.5,494.98,232.52,0.3196,0.6804,1107.34,0.97,0,0
ORD-00245,7/26/2025,Houston,South,Technology,Chairs,Consumer,Returning,Express,9,40,0,360,360,228.53,131.47,0.3652,0.6348,600.25,0.3571,0,0
ORD-00246,3/3/2024,Los Angeles,West,Furniture,Bags,Enterprise,Returning,Standard,4,40,0.08,160,147.2,106.58,40.62,0.276,0.724,154.6,0.1963,0,0
ORD-00247,11/11/2025,Chicago,Midwest,Appliances,Bags,Retail,Returning,Standard,4,750,0.05,3000,2850,1788.33,1061.67,0.3725,0.6275,3504.8,2.9688,0,0
ORD-00248,1/13/2024,Los Angeles,West,Technology,Chairs,Retail,Returning,Express,3,40,0,120,120,81.81,38.19,0.3182,0.6818,146.43,0.1333,0,0
ORD-00249,2/6/2025,Houston,South,Technology,Phones,Retail,Returning,Standard,3,300,0,900,900,595.77,304.23,0.338,0.662,2082.43,1,0,0
ORD-00250,1/21/2024,Houston,South,Technology,Kitchen,Corporate,Returning,Standard,3,750,0.03,2250,2182.5,1536.7,645.8,0.2959,0.7041,1884.06,2.425,0,0
ORD-00251,9/2/2024,New York,Northeast,Furniture,Phones,Retail,Returning,Standard,5,300,0.05,1500,1425,904.33,520.67,0.3654,0.6346,1547.76,1.6964,0,0
ORD-00252,2/22/2025,Phoenix,West,Office Supplies,Paper,Enterprise,New,Express,1,150,0,150,150,89.35,60.65,0.4043,0.5957,352.23,0.2308,0,0
ORD-00253,8/8/2025,Los Angeles,West,Technology,Chairs,Retail,New,Standard,3,60,0.08,180,165.6,124.59,41.01,0.2476,0.7524,130.56,0.1643,0,0
ORD-00254,10/24/2025,New York,Northeast,Technology,Phones,Enterprise,Returning,Standard,3,60,0.15,180,153,97.78,55.22,0.3609,0.6391,70.37,0.1417,1,0.3333
ORD-00255,3/20/2024,New York,Northeast,Accessories,Kitchen,Consumer,New,Standard,1,80,0.03,80,77.6,42.6,35,0.451,0.549,90.65,0.1293,0,0
ORD-00256,9/10/2025,Los Angeles,West,Office Supplies,Chairs,Retail,Returning,Standard,4,300,0.05,1200,1140,536.06,603.94,0.5298,0.4702,1381.42,1.5659,0,0
ORD-00257,2/11/2024,Los Angeles,West,Technology,Paper,Corporate,New,Express,5,40,0.05,200,190,108.83,81.17,0.4272,0.5728,318.79,0.2111,0,0
ORD-00258,8/22/2025,New York,Northeast,Furniture,Laptops,Enterprise,New,Standard,7,150,0.05,1050,997.5,607.61,389.89,0.3909,0.6091,583.06,1.1875,0,0
ORD-00259,1/28/2024,Los Angeles,West,Appliances,Paper,Consumer,Returning,Standard,7,60,0,420,420,277.2,142.8,0.34,0.66,488.13,0.525,0,0
ORD-00260,3/9/2024,Miami,South,Technology,Bags,Retail,Returning,Express,2,500,0.05,1000,950,518.39,431.61,0.4543,0.5457,1026.38,1.0556,0,0
ORD-00261,2/15/2024,Houston,South,Furniture,Phones,Corporate,New,Standard,1,40,0,40,40,27.5,12.5,0.3125,0.6875,48.52,0.0533,0,0
ORD-00262,1/30/2024,Houston,South,Technology,Bags,Corporate,Returning,Standard,2,100,0.05,200,190,126.16,63.84,0.336,0.664,151.46,0.2111,0,0
ORD-00263,8/9/2024,New York,Northeast,Appliances,Bags,Retail,Returning,Standard,2,25,0.03,50,48.5,39.77,8.73,0.18,0.82,50.88,0.0541,1,0.5
ORD-00264,2/25/2024,New York,Northeast,Furniture,Laptops,Retail,New,Express,2,25,0,50,50,36.33,13.67,0.2734,0.7266,60.64,0.0667,0,0
ORD-00265,10/25/2025,New York,Northeast,Technology,Bags,Corporate,Returning,Standard,6,100,0,600,600,421.18,178.82,0.298,0.702,641.96,0.5556,0,0
ORD-00266,2/16/2025,Chicago,Midwest,Accessories,Bags,Consumer,New,Standard,4,100,0.1,400,360,186.59,173.41,0.4817,0.5183,210.81,0.6,0,0
ORD-00267,5/30/2024,Phoenix,West,Appliances,Paper,Retail,New,Express,5,200,0.08,1000,920,597.2,322.8,0.3509,0.6491,423.61,1.0952,0,0
ORD-00268,1/26/2024,Phoenix,West,Technology,Bags,Corporate,New,Standard,1,750,0.08,750,690,488.43,201.57,0.2921,0.7079,590.77,0.7667,0,0
ORD-00269,2/26/2025,Phoenix,West,Technology,Chairs,Enterprise,New,Standard,3,300,0.05,900,855,483.62,371.38,0.4344,0.5656,995.16,0.95,0,0
ORD-00270,10/13/2024,Phoenix,West,Technology,Paper,Enterprise,New,Standard,4,100,0.05,400,380,286.48,93.52,0.2461,0.7539,458.24,0.3519,0,0
ORD-00271,7/3/2025,Chicago,Midwest,Accessories,Paper,Consumer,New,Standard,5,500,0.03,2500,2425,1638.93,786.07,0.3242,0.6758,4591.63,3.6086,0,0
ORD-00272,8/6/2024,New York,Northeast,Technology,Bags,Retail,Returning,Standard,5,300,0.05,1500,1425,877.25,547.75,0.3844,0.6156,3277.36,1.4137,0,0
ORD-00273,10/12/2025,New York,Northeast,Technology,Laptops,Enterprise,Returning,Express,4,500,0.05,2000,1900,1261.68,638.32,0.336,0.664,868.74,1.7593,1,0.25
ORD-00274,3/26/2025,Los Angeles,West,Accessories,Chairs,Corporate,Returning,Standard,3,60,0.15,180,153,92.98,60.02,0.3923,0.6077,254.99,0.255,0,0
ORD-00275,10/23/2025,Los Angeles,West,Furniture,Laptops,Retail,Returning,Standard,6,100,0.08,600,552,446.89,105.11,0.1904,0.8096,680.4,0.6133,0,0
ORD-00276,2/14/2025,Los Angeles,West,Office Supplies,Chairs,Retail,Returning,Standard,5,500,0.15,2500,2125,1205.32,919.68,0.4328,0.5672,1580.8,3.2692,0,0
ORD-00277,5/15/2024,New York,Northeast,Technology,Paper,Corporate,Returning,Express,3,80,0.03,240,232.8,158.34,74.46,0.3198,0.6802,270.27,0.2463,0,0
ORD-00278,6/28/2024,Houston,South,Appliances,Bags,Consumer,New,Express,3,60,0.1,180,162,93.41,68.59,0.4234,0.5766,194.9,0.1929,0,0
ORD-00279,10/17/2025,Miami,South,Office Supplies,Chairs,Corporate,New,Standard,3,60,0.1,180,162,101.27,60.73,0.3749,0.6251,200.84,0.2077,0,0
ORD-00280,8/13/2025,Houston,South,Accessories,Phones,Corporate,New,Standard,7,80,0.05,560,532,287.99,244.01,0.4587,0.5413,422.54,0.7917,0,0
ORD-00281,12/27/2025,Los Angeles,West,Accessories,Phones,Retail,Returning,Express,5,500,0.05,2500,2375,1726.79,648.21,0.2729,0.7271,2758.3,3.2986,0,0
ORD-00282,11/26/2025,Chicago,Midwest,Office Supplies,Kitchen,Enterprise,New,Standard,6,150,0.05,900,855,549.12,305.88,0.3578,0.6422,915.61,1.0962,0,0
ORD-00283,5/21/2025,Miami,South,Technology,Chairs,Corporate,Returning,Standard,6,100,0.03,600,582,390.84,191.16,0.3285,0.6715,609.15,0.6159,1,0.1667
ORD-00284,10/4/2025,Chicago,Midwest,Accessories,Bags,Consumer,Returning,Standard,5,200,0,1000,1000,737.42,262.58,0.2626,0.7374,587.08,1.3889,1,0.2
ORD-00285,4/17/2024,Phoenix,West,Office Supplies,Chairs,Consumer,New,Express,7,60,0,420,420,227.86,192.14,0.4575,0.5425,453.45,0.6158,0,0
ORD-00286,3/5/2025,Los Angeles,West,Appliances,Chairs,Consumer,Returning,Standard,1,80,0.1,80,72,46.59,25.41,0.3529,0.6471,75.88,0.09,1,1
ORD-00287,8/2/2025,Chicago,Midwest,Office Supplies,Laptops,Corporate,Returning,Standard,4,80,0.05,320,304,242.84,61.16,0.2012,0.7988,402.68,0.4176,0,0
ORD-00288,12/4/2025,New York,Northeast,Technology,Bags,Corporate,Returning,Standard,4,80,0.08,320,294.4,217.53,76.87,0.2611,0.7389,359.56,0.2726,0,0
ORD-00289,2/2/2024,Houston,South,Furniture,Laptops,Corporate,New,Standard,5,40,0.15,200,170,108.13,61.87,0.3639,0.6361,183.94,0.2267,0,0
ORD-00290,3/6/2025,Miami,South,Accessories,Bags,Retail,Returning,Standard,2,500,0.08,1000,920,593.94,326.06,0.3544,0.6456,1382.33,1.5333,0,0
ORD-00291,4/24/2025,New York,Northeast,Appliances,Kitchen,Corporate,Returning,Standard,4,80,0.1,320,288,144.19,143.81,0.4993,0.5007,134.81,0.3429,0,0
ORD-00292,4/9/2024,Chicago,Midwest,Office Supplies,Laptops,Enterprise,New,Standard,1,60,0.05,60,57,37.05,19.95,0.35,0.65,68.8,0.0836,0,0
ORD-00293,10/22/2024,Houston,South,Furniture,Phones,Enterprise,New,Standard,2,60,0.03,120,116.4,74.27,42.13,0.3619,0.6381,144.23,0.1293,0,0
ORD-00294,4/13/2024,Houston,South,Furniture,Paper,Corporate,New,Standard,5,300,0,1500,1500,882.03,617.97,0.412,0.588,1105.97,1.9036,0,0
ORD-00295,7/23/2024,Los Angeles,West,Office Supplies,Phones,Enterprise,New,Standard,1,200,0.1,200,180,126.36,53.64,0.298,0.702,142.93,0.2473,0,0
ORD-00296,9/15/2024,Houston,South,Technology,Laptops,Consumer,New,Standard,3,100,0.03,300,291,182.58,108.42,0.3726,0.6274,196.06,0.2887,0,0
ORD-00297,6/4/2025,Houston,South,Technology,Kitchen,Consumer,New,Standard,2,60,0,120,120,80.16,39.84,0.332,0.668,72,0.127,0,0
ORD-00298,11/27/2025,Los Angeles,West,Technology,Chairs,Enterprise,Returning,Express,2,150,0.08,300,276,161.73,114.27,0.414,0.586,325.1,0.2556,0,0
ORD-00299,9/17/2025,Chicago,Midwest,Accessories,Chairs,Corporate,Returning,Express,7,200,0,1400,1400,769.05,630.95,0.4507,0.5493,1727.21,2.0833,0,0
ORD-00300,10/17/2024,Chicago,Midwest,Appliances,Phones,Corporate,Returning,Standard,5,80,0.05,400,380,298.09,81.91,0.2156,0.7844,402.61,0.3958,1,0.2
ORD-00301,6/12/2025,Chicago,Midwest,Appliances,Kitchen,Corporate,Returning,Standard,4,150,0.1,600,540,350.26,189.74,0.3514,0.6486,666.2,0.6429,0,0
ORD-00302,8/1/2024,New York,Northeast,Accessories,Kitchen,Retail,Returning,Express,4,40,0.03,160,155.2,89.01,66.19,0.4265,0.5735,114.55,0.231,0,0
ORD-00303,3/18/2024,Los Angeles,West,Technology,Paper,Retail,Returning,Standard,4,80,0.05,320,304,180.86,123.14,0.4051,0.5949,372.34,0.3378,0,0
ORD-00304,10/15/2024,Chicago,Midwest,Office Supplies,Bags,Consumer,New,Standard,7,100,0,700,700,504.33,195.67,0.2795,0.7205,414.25,0.8974,0,0
ORD-00305,4/19/2025,Miami,South,Office Supplies,Phones,Consumer,Returning,Standard,6,750,0.08,4500,4140,2473.27,1666.73,0.4026,0.5974,2475.19,6.0704,0,0
ORD-00306,1/31/2024,New York,Northeast,Furniture,Kitchen,Enterprise,New,Standard,5,500,0.05,2500,2375,1708.65,666.35,0.2806,0.7194,1099.44,3.1667,0,0
ORD-00307,6/10/2024,New York,Northeast,Accessories,Bags,Retail,Returning,Express,3,200,0.08,600,552,315.58,236.42,0.4283,0.5717,674.4,0.8762,0,0
ORD-00308,4/10/2024,Chicago,Midwest,Furniture,Chairs,Corporate,New,Standard,5,25,0.15,125,106.25,71.36,34.89,0.3284,0.6716,204.75,0.1348,0,0
ORD-00309,1/6/2025,Miami,South,Accessories,Chairs,Retail,Returning,Standard,1,150,0.1,150,135,71.15,63.85,0.473,0.527,164.01,0.225,0,0
ORD-00310,4/27/2025,Chicago,Midwest,Office Supplies,Laptops,Consumer,Returning,Standard,5,60,0.05,300,285,155.4,129.6,0.4547,0.5453,329.1,0.4179,0,0
ORD-00311,12/25/2024,Chicago,Midwest,Technology,Laptops,Enterprise,New,Express,5,750,0,3750,3750,2869.02,880.98,0.2349,0.7651,2945.44,3.4722,1,0.2
ORD-00312,7/20/2024,Houston,South,Technology,Chairs,Enterprise,Returning,Standard,4,750,0,3000,3000,2363.12,636.88,0.2123,0.7877,3599.68,2.9762,0,0
ORD-00313,9/12/2025,Chicago,Midwest,Technology,Bags,Enterprise,Returning,Express,5,80,0.15,400,340,192.29,147.71,0.4344,0.5656,397.14,0.3373,0,0
ORD-00314,1/25/2025,Phoenix,West,Technology,Phones,Enterprise,Returning,Standard,4,500,0,2000,2000,1328.57,671.43,0.3357,0.6643,1723.49,2.2222,0,0
ORD-00315,6/18/2024,Miami,South,Technology,Chairs,Retail,Returning,Standard,1,750,0.08,750,690,450.11,239.89,0.3477,0.6523,842.52,0.7302,0,0
ORD-00316,6/20/2025,New York,Northeast,Office Supplies,Phones,Consumer,Returning,Express,2,750,0.08,1500,1380,787.19,592.81,0.4296,0.5704,812.08,2.0235,0,0
ORD-00317,12/6/2025,Los Angeles,West,Technology,Bags,Retail,Returning,Standard,1,40,0,40,40,27.25,12.75,0.3188,0.6812,46.52,0.037,0,0
ORD-00318,8/7/2025,Chicago,Midwest,Accessories,Phones,Consumer,Returning,Standard,5,150,0,750,750,573.59,176.41,0.2352,0.7648,1253.5,1.1161,0,0
ORD-00319,2/22/2024,Los Angeles,West,Technology,Bags,Retail,Returning,Standard,5,300,0,1500,1500,881.79,618.21,0.4121,0.5879,992.46,1.6667,0,0
ORD-00320,1/24/2025,Chicago,Midwest,Technology,Bags,Retail,New,Standard,4,100,0,400,400,225.8,174.2,0.4355,0.5645,616.47,0.4444,1,0.25
ORD-00321,6/17/2024,New York,Northeast,Accessories,Bags,Enterprise,New,Standard,6,80,0.08,480,441.6,189.89,251.71,0.57,0.43,464.48,0.701,0,0
ORD-00322,12/11/2025,Chicago,Midwest,Accessories,Phones,Retail,Returning,Standard,6,750,0,4500,4500,3500.81,999.19,0.222,0.778,2084.28,6.25,0,0
ORD-00323,2/24/2024,Phoenix,West,Technology,Bags,Consumer,Returning,Standard,3,150,0.05,450,427.5,245.19,182.31,0.4265,0.5735,496.47,0.475,0,0
ORD-00324,2/12/2024,New York,Northeast,Accessories,Kitchen,Consumer,Returning,Express,6,80,0.03,480,465.6,280.71,184.89,0.3971,0.6029,366.34,0.776,0,0
ORD-00325,7/25/2025,New York,Northeast,Appliances,Phones,Retail,Returning,Standard,4,300,0.05,1200,1140,616.07,523.93,0.4596,0.5404,859.67,1.2723,0,0
ORD-00326,10/2/2024,Miami,South,Office Supplies,Kitchen,Consumer,New,Standard,2,200,0,400,400,284.48,115.52,0.2888,0.7112,317.24,0.5128,0,0
ORD-00327,9/30/2025,Los Angeles,West,Appliances,Paper,Retail,Returning,Standard,5,300,0,1500,1500,768.61,731.39,0.4876,0.5124,2032.51,1.6741,0,0
ORD-00328,1/2/2025,New York,Northeast,Technology,Laptops,Retail,Returning,Standard,1,40,0.05,40,38,22.99,15.01,0.395,0.605,88.34,0.0422,1,1
ORD-00329,4/18/2024,Chicago,Midwest,Technology,Laptops,Corporate,Returning,Standard,7,150,0,1050,1050,618.3,431.7,0.4111,0.5889,1292.39,1.1111,0,0
ORD-00330,6/28/2024,New York,Northeast,Accessories,Chairs,Enterprise,New,Express,6,300,0.05,1800,1710,939.25,770.75,0.4507,0.5493,2824.08,2.7143,0,0
ORD-00331,2/21/2025,New York,Northeast,Office Supplies,Phones,Corporate,Returning,Express,2,500,0.08,1000,920,557.07,362.93,0.3945,0.6055,731.45,1.4154,0,0
ORD-00332,5/21/2024,Houston,South,Technology,Bags,Corporate,Returning,Standard,3,40,0.03,120,116.4,82.24,34.16,0.2935,0.7065,141.14,0.1232,1,0.3333
ORD-00333,11/19/2024,Los Angeles,West,Furniture,Laptops,Enterprise,New,Standard,6,80,0.08,480,441.6,303.97,137.63,0.3117,0.6883,331.49,0.4907,0,0
ORD-00334,5/3/2025,Miami,South,Accessories,Kitchen,Retail,Returning,Standard,4,200,0.08,800,736,526.14,209.86,0.2851,0.7149,584.73,1.1683,0,0
ORD-00335,8/6/2024,Houston,South,Office Supplies,Laptops,Retail,New,Express,2,80,0.15,160,136,77.47,58.53,0.4304,0.5696,105.71,0.1868,0,0
ORD-00336,2/8/2025,Chicago,Midwest,Technology,Laptops,Enterprise,New,Standard,3,200,0.03,600,582,326.76,255.24,0.4386,0.5614,606.68,0.6467,0,0
ORD-00337,5/20/2024,Houston,South,Office Supplies,Paper,Corporate,New,Standard,2,60,0.05,120,114,82.09,31.91,0.2799,0.7201,118.99,0.1672,0,0
ORD-00338,3/2/2025,New York,Northeast,Accessories,Laptops,Retail,Returning,Standard,2,40,0.1,80,72,37.87,34.13,0.474,0.526,87.19,0.12,0,0
ORD-00339,12/6/2025,Los Angeles,West,Technology,Phones,Consumer,Returning,Express,6,300,0.15,1800,1530,1112.39,417.61,0.2729,0.7271,1848.57,1.4167,0,0
ORD-00340,10/1/2025,Houston,South,Office Supplies,Chairs,Retail,Returning,Standard,8,40,0.03,320,310.4,202.49,107.91,0.3476,0.6524,326.67,0.3979,0,0
ORD-00341,2/19/2024,Miami,South,Accessories,Chairs,Enterprise,New,Standard,6,750,0,4500,4500,2231.87,2268.13,0.504,0.496,2062.79,7.5,0,0
ORD-00342,8/15/2024,New York,Northeast,Accessories,Bags,Corporate,New,Express,6,100,0.1,600,540,331.43,208.57,0.3862,0.6138,669.77,0.8036,1,0.1667
ORD-00343,7/4/2025,Chicago,Midwest,Technology,Chairs,Retail,Returning,Express,3,100,0.05,300,285,183.39,101.61,0.3565,0.6435,248.8,0.2827,0,0
ORD-00344,6/4/2024,New York,Northeast,Accessories,Paper,Retail,New,Standard,2,80,0.05,160,152,78.88,73.12,0.4811,0.5189,90.16,0.2413,0,0
ORD-00345,1/28/2024,Chicago,Midwest,Technology,Kitchen,Enterprise,Returning,Standard,2,200,0.1,400,360,227.03,132.97,0.3694,0.6306,445.09,0.4,1,0.5
ORD-00346,12/22/2024,Houston,South,Furniture,Paper,Enterprise,Returning,Standard,4,150,0.08,600,552,403,149,0.2699,0.7301,682.72,0.6133,0,0
ORD-00347,5/14/2024,New York,Northeast,Appliances,Kitchen,Retail,New,Express,5,500,0,2500,2500,1643.16,856.84,0.3427,0.6573,2722.79,2.9762,0,0
ORD-00348,12/8/2025,Houston,South,Technology,Laptops,Enterprise,Returning,Standard,7,25,0.1,175,157.5,100.15,57.35,0.3641,0.6359,165.18,0.1458,0,0
ORD-00349,2/18/2025,Phoenix,West,Furniture,Phones,Consumer,Returning,Standard,5,150,0.05,750,712.5,517.07,195.43,0.2743,0.7257,754.85,0.95,0,0
ORD-00350,9/6/2025,New York,Northeast,Appliances,Phones,Consumer,New,Standard,5,150,0.05,750,712.5,407.82,304.68,0.4276,0.5724,846.65,0.7952,0,0
ORD-00351,1/8/2024,Chicago,Midwest,Accessories,Paper,Corporate,New,Standard,1,40,0.03,40,38.8,24.86,13.94,0.3593,0.6407,90.43,0.0647,0,0
ORD-00352,6/2/2024,Chicago,Midwest,Office Supplies,Kitchen,Retail,New,Standard,4,500,0.03,2000,1940,1061.5,878.5,0.4528,0.5472,1136.25,2.8446,0,0
ORD-00353,7/18/2024,New York,Northeast,Technology,Paper,Enterprise,Returning,Standard,5,60,0.03,300,291,181.7,109.3,0.3756,0.6244,252.26,0.2887,0,0
ORD-00354,9/21/2024,Los Angeles,West,Office Supplies,Chairs,Retail,Returning,Standard,1,40,0.05,40,38,21.65,16.35,0.4303,0.5697,88.45,0.0522,0,0
ORD-00355,11/16/2024,Houston,South,Appliances,Chairs,Enterprise,Returning,Standard,5,100,0.03,500,485,324.85,160.15,0.3302,0.6698,582.81,0.5052,0,0
ORD-00356,7/18/2025,Miami,South,Appliances,Paper,Corporate,New,Standard,3,150,0.08,450,414,287.78,126.22,0.3049,0.6951,327.07,0.4621,0,0
ORD-00357,3/4/2024,New York,Northeast,Accessories,Paper,Retail,New,Standard,6,40,0.08,240,220.8,140.54,80.26,0.3635,0.6365,298.83,0.368,0,0
ORD-00358,4/21/2024,Miami,South,Appliances,Kitchen,Corporate,New,Standard,3,150,0.05,450,427.5,283.31,144.19,0.3373,0.6627,716.91,0.5089,0,0
ORD-00359,1/4/2024,Chicago,Midwest,Office Supplies,Phones,Enterprise,New,Standard,3,100,0,300,300,215.05,84.95,0.2832,0.7168,322.35,0.4615,0,0
ORD-00360,1/27/2025,Chicago,Midwest,Appliances,Chairs,Corporate,New,Standard,6,25,0,150,150,98.83,51.17,0.3411,0.6589,202.01,0.1875,0,0
ORD-00361,7/31/2024,Houston,South,Accessories,Bags,Retail,New,Standard,3,200,0.03,600,582,400.25,181.75,0.3123,0.6877,709.14,0.8661,0,0
ORD-00362,11/30/2024,Chicago,Midwest,Appliances,Chairs,Consumer,Returning,Express,5,750,0.15,3750,3187.5,1920.47,1267.03,0.3975,0.6025,1863.98,3.3203,0,0
ORD-00363,8/1/2024,Phoenix,West,Furniture,Laptops,Enterprise,New,Express,4,100,0.05,400,380,257.97,122.03,0.3211,0.6789,624.33,0.4524,0,0
ORD-00364,3/21/2024,Phoenix,West,Furniture,Bags,Retail,New,Standard,6,300,0,1800,1800,1308.49,491.51,0.2731,0.7269,1183.43,2.4,0,0
ORD-00365,12/5/2024,Houston,South,Accessories,Bags,Consumer,Returning,Standard,5,25,0,125,125,87.75,37.25,0.298,0.702,153.97,0.1736,0,0
ORD-00366,2/28/2025,Houston,South,Furniture,Laptops,Corporate,Returning,Standard,3,500,0.03,1500,1455,890.14,564.86,0.3882,0.6118,2207.23,1.94,0,0
ORD-00367,2/20/2025,Miami,South,Technology,Bags,Consumer,Returning,Standard,2,100,0,200,200,115.7,84.3,0.4215,0.5785,235.39,0.2222,0,0
ORD-00368,5/16/2024,Miami,South,Furniture,Paper,Corporate,Returning,Standard,4,60,0.15,240,204,144.48,59.52,0.2918,0.7082,393.5,0.2589,1,0.25
ORD-00369,8/5/2025,Houston,South,Technology,Laptops,Retail,Returning,Express,4,80,0.05,320,304,220.91,83.09,0.2733,0.7267,356.18,0.3016,0,0
ORD-00370,9/18/2025,Chicago,Midwest,Appliances,Chairs,Consumer,Returning,Standard,2,150,0.05,300,285,163.85,121.15,0.4251,0.5749,479.35,0.3181,0,0
ORD-00371,11/2/2025,Chicago,Midwest,Technology,Bags,Enterprise,Returning,Standard,6,80,0,480,480,341.73,138.27,0.2881,0.7119,521.2,0.4444,0,0
ORD-00372,12/2/2024,New York,Northeast,Office Supplies,Phones,Consumer,Returning,Standard,6,100,0,600,600,471.88,128.12,0.2135,0.7865,470.43,0.7692,0,0
ORD-00373,10/28/2025,Miami,South,Accessories,Kitchen,Enterprise,New,Standard,6,60,0.1,360,324,232.51,91.49,0.2824,0.7176,388.15,0.45,1,0.1667
ORD-00374,6/29/2025,Houston,South,Appliances,Laptops,Consumer,New,Standard,5,300,0.05,1500,1425,922.51,502.49,0.3526,0.6474,656.72,1.6964,0,0
ORD-00375,6/12/2024,Phoenix,West,Accessories,Phones,Retail,Returning,Standard,2,25,0,50,50,26.25,23.75,0.475,0.525,29.27,0.0794,1,0.5
ORD-00376,8/16/2024,Houston,South,Office Supplies,Phones,Retail,Returning,Standard,5,200,0.03,1000,970,555.85,414.15,0.427,0.573,716.25,1.3324,0,0
ORD-00377,7/7/2024,Houston,South,Technology,Laptops,Retail,Returning,Standard,8,25,0.08,200,184,106.56,77.44,0.4209,0.5791,200.83,0.1825,0,0
ORD-00378,5/26/2024,New York,Northeast,Accessories,Bags,Consumer,New,Standard,1,100,0.15,100,85,58.54,26.46,0.3113,0.6887,50.19,0.1349,0,0
ORD-00379,4/5/2025,Houston,South,Furniture,Laptops,Corporate,New,Standard,4,150,0.05,600,570,352.55,217.45,0.3815,0.6185,683.25,0.7234,0,0
ORD-00380,6/29/2024,Chicago,Midwest,Technology,Kitchen,Consumer,New,Standard,8,300,0.1,2400,2160,1346.13,813.87,0.3768,0.6232,1286.5,2.2857,0,0
ORD-00381,4/1/2025,New York,Northeast,Office Supplies,Laptops,Enterprise,Returning,Standard,1,150,0.15,150,127.5,75.05,52.45,0.4114,0.5886,95.3,0.187,0,0
ORD-00382,9/13/2025,Los Angeles,West,Appliances,Kitchen,Consumer,New,Standard,2,200,0.15,400,340,213.89,126.11,0.3709,0.6291,159.63,0.3795,0,0
ORD-00383,5/10/2024,Chicago,Midwest,Office Supplies,Chairs,Enterprise,New,Standard,1,150,0.03,150,145.5,104.32,41.18,0.283,0.717,115.32,0.2133,0,0
ORD-00384,12/20/2024,Miami,South,Technology,Paper,Consumer,New,Standard,7,150,0,1050,1050,814.78,235.22,0.224,0.776,824.76,0.9722,0,0
ORD-00385,5/3/2025,Los Angeles,West,Technology,Chairs,Retail,New,Standard,1,60,0,60,60,43.08,16.92,0.282,0.718,47.19,0.0635,0,0
ORD-00386,4/11/2025,Los Angeles,West,Accessories,Kitchen,Retail,New,Standard,6,80,0.03,480,465.6,294.54,171.06,0.3674,0.6326,579.14,0.739,1,0.1667
ORD-00387,7/25/2024,Chicago,Midwest,Furniture,Laptops,Corporate,Returning,Standard,6,150,0,900,900,569.19,330.81,0.3676,0.6324,1089.68,1.0714,0,0
ORD-00388,6/4/2025,Phoenix,West,Appliances,Phones,Enterprise,Returning,Standard,4,25,0.1,100,90,52.33,37.67,0.4186,0.5814,78.92,0.1071,0,0
ORD-00389,1/2/2024,New York,Northeast,Office Supplies,Bags,Corporate,New,Standard,5,150,0.1,750,675,341.67,333.33,0.4938,0.5062,497.98,1.0385,0,0
ORD-00390,10/24/2024,Phoenix,West,Furniture,Bags,Enterprise,Returning,Standard,4,500,0.03,2000,1940,1404.72,535.28,0.2759,0.7241,2068.19,2.1556,0,0
ORD-00391,4/6/2025,Phoenix,West,Technology,Chairs,Consumer,New,Express,5,200,0,1000,1000,505.63,494.37,0.4944,0.5056,2332.12,1.0582,0,0
ORD-00392,5/13/2025,Los Angeles,West,Accessories,Laptops,Consumer,New,Express,6,80,0.03,480,465.6,310.09,155.51,0.334,0.666,478.18,0.739,0,0
ORD-00393,7/28/2024,Los Angeles,West,Accessories,Phones,Consumer,Returning,Standard,7,60,0.05,420,399,213.43,185.57,0.4651,0.5349,431,0.5938,0,0
ORD-00394,9/16/2025,Miami,South,Office Supplies,Bags,Enterprise,Returning,Standard,1,80,0.03,80,77.6,39.06,38.54,0.4966,0.5034,104.78,0.1066,0,0
ORD-00395,1/14/2025,Houston,South,Technology,Laptops,Consumer,Returning,Standard,2,80,0,160,160,95.49,64.51,0.4032,0.5968,166.58,0.1778,0,0
ORD-00396,2/13/2024,Miami,South,Technology,Kitchen,Consumer,Returning,Express,7,200,0.1,1400,1260,811.93,448.07,0.3556,0.6444,1481.64,1.4,0,0
ORD-00397,11/8/2025,Chicago,Midwest,Office Supplies,Paper,Retail,Returning,Standard,5,300,0.03,1500,1455,990.42,464.58,0.3193,0.6807,1552.34,1.8654,0,0
ORD-00398,7/18/2024,Phoenix,West,Accessories,Phones,Corporate,Returning,Standard,6,60,0.05,360,342,182.27,159.73,0.467,0.533,365.3,0.5089,0,0
ORD-00399,8/4/2024,Miami,South,Furniture,Laptops,Retail,New,Standard,3,80,0,240,240,173.57,66.43,0.2768,0.7232,178.89,0.2857,0,0
ORD-00400,2/15/2024,Miami,South,Furniture,Laptops,Enterprise,New,Express,3,80,0,240,240,137.84,102.16,0.4257,0.5743,258.12,0.32,0,0
ORD-00401,8/11/2024,Miami,South,Office Supplies,Laptops,Enterprise,Returning,Standard,3,60,0.03,180,174.6,119.73,54.87,0.3143,0.6857,187.66,0.2398,1,0.3333
ORD-00402,1/26/2024,New York,Northeast,Office Supplies,Chairs,Corporate,New,Standard,3,150,0,450,450,270.73,179.27,0.3984,0.6016,358.13,0.6923,0,0
ORD-00403,7/26/2025,Los Angeles,West,Office Supplies,Laptops,Retail,Returning,Standard,6,150,0.03,900,873,475.4,397.6,0.4554,0.5446,1079.3,1.1992,0,0
ORD-00404,11/7/2024,Chicago,Midwest,Technology,Kitchen,Enterprise,New,Standard,6,60,0.03,360,349.2,236.35,112.85,0.3232,0.6768,801.57,0.3233,0,0
ORD-00405,8/10/2024,Los Angeles,West,Accessories,Kitchen,Corporate,Returning,Express,2,150,0,300,300,198.82,101.18,0.3373,0.6627,239.31,0.4464,0,0
ORD-00406,3/24/2025,Los Angeles,West,Technology,Chairs,Retail,Returning,Standard,1,100,0.08,100,92,52.96,39.04,0.4243,0.5757,111.89,0.1022,0,0
ORD-00407,4/29/2024,Miami,South,Appliances,Phones,Retail,New,Standard,5,25,0.05,125,118.75,79.73,39.02,0.3286,0.6714,93.14,0.1414,0,0
ORD-00408,2/11/2024,Phoenix,West,Accessories,Paper,Corporate,Returning,Standard,2,200,0.05,400,380,238.93,141.07,0.3712,0.6288,404.94,0.6333,0,0
ORD-00409,11/18/2024,Miami,South,Office Supplies,Phones,Enterprise,Returning,Standard,3,150,0,450,450,265.03,184.97,0.411,0.589,523.63,0.5769,0,0
ORD-00410,2/2/2025,Houston,South,Technology,Kitchen,Corporate,New,Standard,3,300,0.03,900,873,565.49,307.51,0.3522,0.6478,1065.48,0.97,0,0
ORD-00411,11/19/2025,New York,Northeast,Technology,Paper,Enterprise,Returning,Standard,8,500,0,4000,4000,2628.34,1371.66,0.3429,0.6571,1862.97,3.7037,0,0
ORD-00412,2/20/2025,New York,Northeast,Office Supplies,Laptops,Corporate,Returning,Standard,2,500,0.03,1000,970,469.04,500.96,0.5165,0.4835,1053.51,1.4923,0,0
ORD-00413,6/18/2024,Phoenix,West,Technology,Bags,Corporate,Returning,Standard,4,200,0.08,800,736,393.82,342.18,0.4649,0.5351,1395.07,0.7788,0,0
ORD-00414,4/17/2024,Chicago,Midwest,Furniture,Bags,Retail,Returning,Standard,8,750,0.05,6000,5700,2590.89,3109.11,0.5455,0.4545,3839.66,7.2335,0,0
ORD-00415,4/25/2024,New York,Northeast,Office Supplies,Kitchen,Consumer,New,Standard,4,60,0.08,240,220.8,121.09,99.71,0.4516,0.5484,261.85,0.3238,0,0
ORD-00416,11/30/2024,Los Angeles,West,Office Supplies,Paper,Retail,Returning,Standard,7,750,0.08,5250,4830,2715.99,2114.01,0.4377,0.5623,5150.62,6.1923,0,0
ORD-00417,6/5/2025,New York,Northeast,Appliances,Phones,Enterprise,New,Standard,1,40,0.08,40,36.8,18.54,18.26,0.4962,0.5038,42.87,0.0438,1,1
ORD-00418,1/14/2024,Houston,South,Technology,Laptops,Corporate,Returning,Standard,4,300,0.1,1200,1080,754.18,325.82,0.3017,0.6983,1177.42,1.2,0,0
ORD-00419,12/27/2024,New York,Northeast,Office Supplies,Phones,Corporate,New,Standard,4,60,0.08,240,220.8,150.3,70.5,0.3193,0.6807,267.7,0.2831,0,0
ORD-00420,10/1/2025,Houston,South,Accessories,Paper,Retail,New,Standard,3,25,0,75,75,61.36,13.64,0.1819,0.8181,44.91,0.1042,0,0
ORD-00421,1/29/2025,Los Angeles,West,Accessories,Laptops,Corporate,New,Standard,3,40,0,120,120,82.72,37.28,0.3107,0.6893,127.19,0.2,0,0
ORD-00422,8/31/2024,Phoenix,West,Appliances,Chairs,Retail,New,Express,7,100,0.1,700,630,488.13,141.87,0.2252,0.7748,287.9,0.7031,0,0
ORD-00423,4/14/2025,New York,Northeast,Furniture,Chairs,Enterprise,New,Standard,2,300,0,600,600,416.5,183.5,0.3058,0.6942,511.41,0.7614,0,0
ORD-00424,5/9/2025,New York,Northeast,Furniture,Kitchen,Retail,Returning,Express,7,500,0.1,3500,3150,1951.08,1198.92,0.3806,0.6194,2068.73,3.9975,0,0
ORD-00425,11/4/2024,New York,Northeast,Technology,Kitchen,Corporate,Returning,Express,1,150,0,150,150,89.56,60.44,0.4029,0.5971,162.12,0.1389,0,0
ORD-00426,3/6/2024,Houston,South,Furniture,Phones,Corporate,New,Standard,5,80,0,400,400,222.51,177.49,0.4437,0.5563,774.56,0.5333,0,0
ORD-00427,6/13/2024,Houston,South,Office Supplies,Laptops,Consumer,New,Standard,7,500,0.05,3500,3325,1995.8,1329.2,0.3998,0.6002,2604.47,4.8754,0,0
ORD-00428,1/22/2025,Los Angeles,West,Technology,Chairs,Corporate,Returning,Express,4,25,0.1,100,90,62.04,27.96,0.3107,0.6893,95.94,0.1,0,0
ORD-00429,1/2/2025,Chicago,Midwest,Furniture,Kitchen,Enterprise,Returning,Express,3,150,0,450,450,298.38,151.62,0.3369,0.6631,350.55,0.6,0,0
ORD-00430,7/1/2024,Chicago,Midwest,Office Supplies,Laptops,Retail,Returning,Standard,3,100,0,300,300,177.94,122.06,0.4069,0.5931,356.44,0.4121,0,0
ORD-00431,1/4/2025,Los Angeles,West,Furniture,Chairs,Consumer,New,Standard,4,100,0.1,400,360,228.97,131.03,0.364,0.636,446.1,0.48,0,0
ORD-00432,12/29/2024,Houston,South,Accessories,Phones,Enterprise,Returning,Express,4,300,0.1,1200,1080,774.06,305.94,0.2833,0.7167,855.78,1.5,0,0
ORD-00433,1/14/2024,New York,Northeast,Furniture,Laptops,Consumer,Returning,Standard,4,100,0.03,400,388,267.4,120.6,0.3108,0.6892,459.59,0.5173,0,0
ORD-00434,2/14/2025,Phoenix,West,Office Supplies,Paper,Consumer,Returning,Standard,2,150,0,300,300,183.04,116.96,0.3899,0.6101,353.75,0.4615,0,0
ORD-00435,7/22/2025,New York,Northeast,Technology,Laptops,Consumer,New,Express,3,60,0,180,180,94.87,85.13,0.4729,0.5271,187.56,0.1786,0,0
ORD-00436,4/3/2024,Phoenix,West,Furniture,Chairs,Enterprise,Returning,Express,4,150,0.1,600,540,315.01,224.99,0.4166,0.5834,1027.02,0.6853,0,0
ORD-00437,2/27/2025,Miami,South,Technology,Chairs,Consumer,New,Standard,4,100,0.03,400,388,204.16,183.84,0.4738,0.5262,302.88,0.4311,0,0
ORD-00438,8/31/2025,New York,Northeast,Accessories,Paper,Corporate,Returning,Express,6,500,0.05,3000,2850,1780.19,1069.81,0.3754,0.6246,2240.32,4.2411,0,0
ORD-00439,5/7/2024,Houston,South,Accessories,Chairs,Enterprise,Returning,Standard,4,100,0,400,400,264.99,135.01,0.3375,0.6625,493.99,0.6349,0,0
ORD-00440,11/22/2025,Houston,South,Technology,Phones,Consumer,Returning,Standard,4,40,0.1,160,144,105.97,38.03,0.2641,0.7359,155.37,0.1333,0,0
ORD-00441,10/25/2024,Los Angeles,West,Office Supplies,Bags,Retail,Returning,Standard,6,150,0.03,900,873,648.38,224.62,0.2573,0.7427,696.49,1.1192,0,0
ORD-00442,6/14/2024,Los Angeles,West,Technology,Paper,Consumer,Returning,Express,6,150,0.1,900,810,402.51,407.49,0.5031,0.4969,964.26,0.8571,0,0
ORD-00443,11/7/2025,New York,Northeast,Office Supplies,Phones,Corporate,Returning,Standard,6,80,0.15,480,408,245.28,162.72,0.3988,0.6012,243.04,0.5231,0,0
ORD-00444,8/22/2024,Miami,South,Furniture,Laptops,Consumer,New,Standard,6,40,0.03,240,232.8,167.61,65.19,0.28,0.72,106.89,0.2771,1,0.1667
ORD-00445,12/3/2024,Miami,South,Furniture,Bags,Corporate,New,Standard,3,25,0.08,75,69,51.19,17.81,0.2581,0.7419,73.83,0.0767,0,0
ORD-00446,2/9/2024,Miami,South,Technology,Laptops,Corporate,New,Standard,2,60,0.08,120,110.4,67.79,42.61,0.386,0.614,65.72,0.1227,0,0
ORD-00447,12/27/2025,New York,Northeast,Accessories,Laptops,Retail,Returning,Standard,7,80,0.08,560,515.2,285.76,229.44,0.4453,0.5547,701.75,0.7156,0,0
ORD-00448,1/5/2025,New York,Northeast,Office Supplies,Laptops,Retail,New,Standard,4,750,0,3000,3000,1667.09,1332.91,0.4443,0.5557,4041.7,4.6154,0,0
ORD-00449,11/6/2025,Los Angeles,West,Furniture,Bags,Retail,Returning,Standard,6,300,0.08,1800,1656,1302.72,353.28,0.2133,0.7867,3794.78,1.84,0,0
ORD-00450,5/27/2024,New York,Northeast,Office Supplies,Kitchen,Consumer,New,Standard,6,150,0.1,900,810,519.65,290.35,0.3585,0.6415,703.24,1.1877,1,0.1667
ORD-00451,10/27/2025,Miami,South,Accessories,Phones,Retail,New,Standard,6,200,0.03,1200,1164,618.93,545.07,0.4683,0.5317,679.08,1.6167,0,0
ORD-00452,4/22/2025,New York,Northeast,Office Supplies,Paper,Consumer,Returning,Standard,3,500,0.08,1500,1380,788.57,591.43,0.4286,0.5714,646.92,2.0235,0,0
ORD-00453,11/21/2025,Los Angeles,West,Technology,Phones,Corporate,Returning,Standard,4,80,0.08,320,294.4,206.31,88.09,0.2992,0.7008,356.35,0.2726,0,0
ORD-00454,7/9/2024,Chicago,Midwest,Accessories,Chairs,Consumer,Returning,Standard,2,300,0.08,600,552,342.3,209.7,0.3799,0.6201,668.73,0.8214,0,0
ORD-00455,10/13/2025,Phoenix,West,Accessories,Bags,Corporate,New,Standard,7,60,0.03,420,407.4,312.74,94.66,0.2324,0.7676,772.21,0.5658,0,0
ORD-00456,10/8/2025,Miami,South,Office Supplies,Phones,Retail,Returning,Express,5,150,0.05,750,712.5,475.95,236.55,0.332,0.668,848.63,0.9135,0,0
ORD-00457,8/12/2024,Miami,South,Accessories,Phones,Retail,Returning,Standard,2,500,0.05,1000,950,622.45,327.55,0.3448,0.6552,1038.22,1.4137,1,0.5
ORD-00458,10/28/2024,New York,Northeast,Office Supplies,Phones,Corporate,Returning,Standard,1,25,0.05,25,23.75,15.9,7.85,0.3305,0.6695,18.64,0.0304,0,0
ORD-00459,8/23/2024,Chicago,Midwest,Furniture,Phones,Consumer,New,Express,2,25,0.15,50,42.5,27.84,14.66,0.3449,0.6551,37.08,0.0506,0,0
ORD-00460,1/6/2024,Los Angeles,West,Technology,Chairs,Retail,New,Standard,3,200,0,600,600,461.47,138.53,0.2309,0.7691,635.58,0.6667,0,0
ORD-00461,1/29/2025,Los Angeles,West,Furniture,Bags,Retail,Returning,Express,7,200,0.08,1400,1288,857.67,430.33,0.3341,0.6659,1962.93,1.7173,0,0
ORD-00462,7/26/2025,Los Angeles,West,Technology,Kitchen,Corporate,Returning,Express,4,100,0.05,400,380,216.74,163.26,0.4296,0.5704,438.87,0.377,0,0
ORD-00463,3/6/2025,Houston,South,Accessories,Laptops,Corporate,Returning,Standard,2,300,0,600,600,395.83,204.17,0.3403,0.6597,709.77,1,0,0
ORD-00464,5/16/2025,Los Angeles,West,Technology,Phones,Consumer,Returning,Express,5,60,0,300,300,220.11,79.89,0.2663,0.7337,365.6,0.3175,0,0
ORD-00465,7/2/2025,Miami,South,Accessories,Laptops,Retail,Returning,Standard,6,60,0.03,360,349.2,226.09,123.11,0.3525,0.6475,378.45,0.5196,0,0
ORD-00466,4/24/2024,Chicago,Midwest,Accessories,Phones,Corporate,Returning,Express,2,100,0.08,200,184,104.09,79.91,0.4343,0.5657,216.08,0.2921,0,0
ORD-00467,12/25/2024,Los Angeles,West,Technology,Chairs,Corporate,Returning,Express,6,60,0.03,360,349.2,260.44,88.76,0.2542,0.7458,582.99,0.3233,0,0
ORD-00468,1/26/2025,Phoenix,West,Appliances,Chairs,Retail,Returning,Express,3,200,0.05,600,570,448.41,121.59,0.2133,0.7867,620.7,0.7125,0,0
ORD-00469,4/17/2024,Los Angeles,West,Office Supplies,Chairs,Enterprise,Returning,Standard,4,80,0.15,320,272,129.61,142.39,0.5235,0.4765,329.94,0.3988,0,0
ORD-00470,9/5/2024,Chicago,Midwest,Appliances,Phones,Consumer,Returning,Express,1,300,0.15,300,255,167.45,87.55,0.3433,0.6567,118.21,0.2846,0,0
ORD-00471,7/14/2025,Houston,South,Appliances,Paper,Consumer,Returning,Standard,4,150,0.03,600,582,423.36,158.64,0.2726,0.7274,627.46,0.6496,0,0
ORD-00472,11/20/2025,New York,Northeast,Technology,Chairs,Enterprise,New,Express,4,300,0.15,1200,1020,670.98,349.02,0.3422,0.6578,472.34,0.9444,0,0
ORD-00473,2/17/2024,Los Angeles,West,Office Supplies,Laptops,Retail,Returning,Standard,5,750,0.08,3750,3450,1887.34,1562.66,0.4529,0.5471,2680.62,5.3077,0,0
ORD-00474,8/26/2025,Chicago,Midwest,Furniture,Phones,Retail,New,Standard,1,300,0.05,300,285,171.62,113.38,0.3978,0.6022,344.86,0.3393,1,1
ORD-00475,4/16/2025,Miami,South,Office Supplies,Laptops,Corporate,Returning,Express,3,80,0.15,240,204,126.7,77.3,0.3789,0.6211,308.16,0.2991,1,0.3333
ORD-00476,2/2/2025,New York,Northeast,Accessories,Paper,Corporate,New,Express,3,100,0.1,300,270,116.1,153.9,0.57,0.43,211.94,0.45,1,0.3333
ORD-00477,1/6/2025,Chicago,Midwest,Office Supplies,Phones,Consumer,New,Standard,2,100,0,200,200,106.24,93.76,0.4688,0.5312,210.54,0.3077,0,0
ORD-00478,4/24/2024,New York,Northeast,Technology,Paper,Retail,New,Standard,5,80,0.1,400,360,230.68,129.32,0.3592,0.6408,441.91,0.381,0,0
ORD-00479,10/28/2024,Chicago,Midwest,Technology,Bags,Retail,Returning,Standard,5,40,0.08,200,184,134.56,49.44,0.2687,0.7313,109.28,0.1704,1,0.2
ORD-00480,1/28/2025,Los Angeles,West,Furniture,Phones,Corporate,New,Standard,3,80,0.03,240,232.8,154.44,78.36,0.3366,0.6634,154.56,0.3104,0,0
ORD-00481,10/24/2025,Miami,South,Accessories,Chairs,Corporate,Returning,Standard,2,100,0.03,200,194,137.66,56.34,0.2904,0.7096,207.93,0.2694,0,0
ORD-00482,3/1/2025,Houston,South,Accessories,Kitchen,Corporate,New,Standard,6,750,0.05,4500,4275,2769.77,1505.23,0.3521,0.6479,4478.64,7.125,0,0
ORD-00483,2/6/2024,New York,Northeast,Technology,Paper,Corporate,Returning,Standard,8,500,0.03,4000,3880,2467.33,1412.67,0.3641,0.6359,1802.88,4.3111,1,0.125
ORD-00484,1/8/2025,Chicago,Midwest,Office Supplies,Chairs,Consumer,Returning,Standard,2,750,0.08,1500,1380,771.76,608.24,0.4408,0.5592,913.61,2.1231,0,0
ORD-00485,5/4/2024,New York,Northeast,Appliances,Laptops,Retail,Returning,Standard,4,100,0.05,400,380,311.6,68.4,0.18,0.82,324.19,0.4524,0,0
ORD-00486,8/8/2024,New York,Northeast,Accessories,Laptops,Consumer,New,Standard,6,60,0.08,360,331.2,198.59,132.61,0.4004,0.5996,502.43,0.4929,0,0
ORD-00487,1/4/2024,Chicago,Midwest,Appliances,Paper,Corporate,Returning,Standard,2,60,0.03,120,116.4,93.27,23.13,0.1987,0.8013,68.83,0.1455,0,0
ORD-00488,7/27/2024,Los Angeles,West,Technology,Kitchen,Enterprise,Returning,Standard,5,150,0.03,750,727.5,497.69,229.81,0.3159,0.6841,1199.21,0.7217,0,0
ORD-00489,3/3/2025,Houston,South,Office Supplies,Bags,Enterprise,Returning,Express,1,80,0.05,80,76,44.31,31.69,0.417,0.583,89.67,0.1169,0,0
ORD-00490,5/22/2024,New York,Northeast,Furniture,Laptops,Retail,Returning,Standard,5,500,0.1,2500,2250,1510.58,739.42,0.3286,0.6714,2710.91,2.8553,0,0
ORD-00491,8/28/2025,New York,Northeast,Accessories,Kitchen,Retail,New,Standard,6,750,0.05,4500,4275,3144.74,1130.26,0.2644,0.7356,3721.08,6.3616,0,0
ORD-00492,5/29/2025,Miami,South,Technology,Bags,Corporate,Returning,Standard,9,100,0.1,900,810,488.18,321.82,0.3973,0.6027,858.3,0.8571,0,0
ORD-00493,7/4/2025,Phoenix,West,Office Supplies,Laptops,Enterprise,Returning,Standard,5,25,0.05,125,118.75,79.51,39.24,0.3304,0.6696,93.78,0.1631,0,0
ORD-00494,8/7/2025,Houston,South,Accessories,Laptops,Corporate,New,Standard,2,60,0.05,120,114,73.57,40.43,0.3546,0.6454,138.99,0.1696,0,0
ORD-00495,3/18/2025,Chicago,Midwest,Technology,Paper,Corporate,New,Standard,4,80,0.05,320,304,216.74,87.26,0.287,0.713,375.93,0.3378,0,0
ORD-00496,11/20/2024,Miami,South,Furniture,Paper,Retail,New,Standard,3,80,0.15,240,204,127.68,76.32,0.3741,0.6259,152.47,0.2267,0,0
ORD-00497,2/13/2024,New York,Northeast,Technology,Laptops,Enterprise,New,Standard,4,200,0,800,800,455.7,344.3,0.4304,0.5696,860.1,0.8889,0,0
ORD-00498,1/19/2025,New York,Northeast,Appliances,Kitchen,Enterprise,New,Standard,3,60,0.03,180,174.6,109.86,64.74,0.3708,0.6292,266.54,0.2182,0,0
ORD-00499,5/13/2025,Chicago,Midwest,Technology,Phones,Consumer,New,Express,5,200,0.1,1000,900,589.04,310.96,0.3455,0.6545,963.2,0.9524,0,0
ORD-00500,7/11/2025,New York,Northeast,Accessories,Kitchen,Corporate,Returning,Standard,1,60,0,60,60,43.39,16.61,0.2768,0.7232,672,0.0893,0,0
